signal,market,lag,lookback,threshold,mode,rows,trades,active_days,avg_daily_return,vol_daily,sharpe,cum_return,buy_hold_return,max_drawdown,hit_rate
expected_stress,ES_return,2,10,1.0,short_only,781,34,68,0.00028544617357753783,0.0034098529619658482,1.3288894208724045,0.24407687026936276,-0.39959141794042796,-0.04834728359960083,0.6029411764705882
expected_stress,ES_return,1,20,1.5,short_only,781,34,85,0.00030248154403248953,0.003897095106297239,1.2321345820946887,0.2589719446128014,-0.39959141794042796,-0.04771046019048819,0.5882352941176471
expected_stress,ES_return,3,20,2.0,short_only,781,34,51,0.00021786905986985903,0.002875892137271451,1.202605640150296,0.18166467195351865,-0.39959141794042796,-0.03153183738311949,0.5882352941176471
expected_stress,ES_return,2,20,2.0,short_only,781,34,51,0.00023181296121577467,0.003065065703861775,1.2005996059771118,0.194091990898833,-0.39959141794042796,-0.040012502068386024,0.6078431372549019
expected_stress,ES_return,1,10,1.0,short_only,781,34,68,0.00024884833167072645,0.003599543093267949,1.0974572872964077,0.20838860664854386,-0.39959141794042796,-0.047048178219373016,0.5882352941176471
expected_stress,ES_return,3,10,1.5,short_only,781,34,34,0.00016423584750809592,0.002455815156587619,1.061628456122396,0.1341874078908687,-0.39959141794042796,-0.028284808012585483,0.5882352941176471
expected_stress,ES_return,1,10,0.5,short_only,781,34,119,0.00029318611663750236,0.004394762172667213,1.0590300753528576,0.24786212330179747,-0.39959141794042796,-0.07266132265925385,0.5630252100840336
expected_stress,ES_return,2,10,1.5,short_only,781,34,34,0.00016100476014911595,0.002584583199332289,0.9888911032824459,0.13104755447914962,-0.39959141794042796,-0.03968872652557898,0.6470588235294118
expected_stress,ES_return,1,40,2.0,short_only,781,16,48,0.00017304876268471473,0.002838715640944211,0.967713674763637,0.14112666149429276,-0.39959141794042796,-0.0444146458550837,0.5208333333333334
expected_stress,ES_return,3,20,1.5,short_only,781,34,85,0.00020857363247487183,0.003520761968225594,0.94042249925577,0.17123705010610157,-0.39959141794042796,-0.06259330460723811,0.5529411764705883
expected_stress,ES_return,1,20,1.0,short_only,781,34,153,0.00028719278683128586,0.004888238269431997,0.9326558777284724,0.23981424614928848,-0.39959141794042796,-0.07509917115495013,0.5555555555555556
expected_stress,ES_return,3,20,2.0,long_short,781,70,105,0.0002530898450873081,0.004363015064611449,0.9208486968859627,0.2095525510540024,-0.39959141794042796,-0.10187524918851631,0.5238095238095238
expected_stress,ES_return,1,20,2.0,short_only,781,34,51,0.00017804013060406768,0.003200713765143652,0.8830216199229831,0.1445893522671624,-0.39959141794042796,-0.05612180110998277,0.6078431372549019
expected_stress,ES_return,2,10,1.0,long_short,781,70,140,0.00027985877593260405,0.005037918707057975,0.8818364484118675,0.23206554220575604,-0.39959141794042796,-0.11348089896169444,0.5428571428571428
expected_stress,ES_return,2,20,1.5,short_only,781,34,85,0.00020180399446689904,0.0036953354105638487,0.8669142964601443,0.1644935885499823,-0.39959141794042796,-0.05652531598476851,0.5647058823529412
expected_stress,ES_return,2,10,0.5,short_only,781,34,119,0.00022598184905613233,0.004341343607907135,0.8263226697763638,0.18429081598464125,-0.39959141794042796,-0.06570727057601322,0.5462184873949579
expected_stress,ES_return,3,10,2.0,short_only,781,34,17,9.342764644143715e-05,0.001818485174982297,0.815578773352995,0.0743057518126311,-0.39959141794042796,-0.026542829120553724,0.6470588235294118
expected_stress,ES_return,7,10,2.0,short_only,781,34,17,7.43467517156516e-05,0.0014587343890158956,0.809069905966008,0.058913937305595354,-0.39959141794042796,-0.00894526029686682,0.5882352941176471
expected_stress,ES_return,3,10,0.5,short_only,781,34,119,0.00020258030266865525,0.004120156324705001,0.7805195616015831,0.1636833534919413,-0.39959141794042796,-0.06731742340635083,0.5462184873949579
expected_stress,ES_return,5,10,2.0,long_short,781,70,35,0.00011357022716683033,0.0024096205023444615,0.7481972629271492,0.09029327874694504,-0.39959141794042796,-0.04220314910706546,0.5428571428571428
expected_stress,ES_return,2,20,1.0,short_only,781,34,153,0.0002242740285450683,0.0048098660656839595,0.7401952116225606,0.18073852143657043,-0.39959141794042796,-0.07930728892451588,0.5359477124183006
expected_stress,ES_return,3,10,1.0,short_only,781,34,68,0.00013422688075922023,0.0032074667687122145,0.6643204211117695,0.10607388272394735,-0.39959141794042796,-0.05929810267849411,0.5441176470588235
expected_stress,ES_return,1,20,1.5,long_short,781,70,175,0.00023136990729420172,0.005691109206255776,0.6453721551063998,0.18303531933041417,-0.39959141794042796,-0.11360316652715508,0.5314285714285715
expected_stress,ES_return,7,10,2.0,long_short,781,70,35,8.641220251096889e-05,0.0021541521010913695,0.6367940257409268,0.06788836889649708,-0.39959141794042796,-0.03965287915510307,0.5714285714285714
expected_stress,ES_return,3,10,1.5,long_short,781,70,70,0.00013951961792047773,0.0036416151179140374,0.6081931232377672,0.1093827455710994,-0.39959141794042796,-0.09155587229929063,0.5142857142857142
expected_stress,ES_return,2,20,2.0,long_short,781,70,105,0.0001662885487657738,0.004428563335247458,0.5960734160585154,0.13003131012762736,-0.39959141794042796,-0.11127763654451894,0.5428571428571428
expected_stress,ES_return,2,10,2.0,short_only,781,34,17,6.757711370767883e-05,0.0018400612252469075,0.5829987657048566,0.05281718223213416,-0.39959141794042796,-0.028566151843939958,0.6470588235294118
expected_stress,ES_return,5,10,2.0,short_only,781,34,17,5.3633212361763116e-05,0.001502453686459358,0.566673608118218,0.04186015797066345,-0.39959141794042796,-0.03756808074218965,0.5882352941176471
expected_stress,ES_return,2,40,2.0,short_only,781,16,48,0.00010399745302615649,0.0029971418555775125,0.5508275769716213,0.08082912915901752,-0.39959141794042796,-0.04755926371124308,0.5208333333333334
expected_stress,ES_return,1,40,2.0,long_short,781,40,111,0.00015485119819808504,0.004542104210543334,0.5411999482990695,0.11954996663736006,-0.39959141794042796,-0.13133411171824705,0.5045045045045045
expected_stress,ES_return,3,20,1.0,short_only,781,34,153,0.00015942694725361225,0.004918476517844554,0.5145545209191553,0.12195623652026222,-0.39959141794042796,-0.0898814578609729,0.5359477124183006
expected_stress,ES_return,1,10,1.5,short_only,781,34,34,8.461248416263057e-05,0.0026369510490076666,0.5093691617596521,0.06542234399838698,-0.39959141794042796,-0.04021956419187955,0.5882352941176471
expected_stress,ES_return,5,10,2.0,long_only,781,36,18,5.9937014805067226e-05,0.0018855612844062776,0.5046086917882512,0.046487160878307954,-0.39959141794042796,-0.033629634029357924,0.5
expected_stress,ES_return,2,20,0.5,short_only,781,34,255,0.00020105836848614763,0.006523925476670195,0.4892303971818877,0.15078057265935674,-0.39959141794042796,-0.08151585594957234,0.5254901960784314
expected_stress,ES_return,1,40,1.5,short_only,781,20,89,0.00011563150440532948,0.0038987483222695887,0.47081603493094165,0.0880532495968418,-0.39959141794042796,-0.09990652142838885,0.5168539325842697
expected_stress,ES_return,1,20,0.5,short_only,781,34,255,0.00018741468759534994,0.006529800762142355,0.4556212418850042,0.13853615411874998,-0.39959141794042796,-0.11229223843807623,0.5176470588235295
expected_stress,ES_return,3,20,0.5,short_only,781,34,255,0.00017027388627444636,0.0064215442666940795,0.42092899072945805,0.1240162130270206,-0.39959141794042796,-0.08477093143614844,0.5215686274509804
expected_stress,ES_return,7,20,2.0,short_only,781,34,51,6.83534219094351e-05,0.0025896367170197255,0.4190073946142497,0.05208464973978044,-0.39959141794042796,-0.029704820631478945,0.5490196078431373
expected_stress,ES_return,3,10,2.0,long_short,781,70,35,6.373988674349683e-05,0.0024639753802780237,0.4106531833114827,0.048547683663056285,-0.39959141794042796,-0.04795938504869757,0.5714285714285714
expected_stress,ES_return,3,20,1.5,long_short,781,70,175,0.00013980687614200847,0.005424803941685936,0.409114389929757,0.10266457536077223,-0.39959141794042796,-0.13990078002869166,0.5028571428571429
expected_stress,ES_return,2,10,1.5,long_short,781,70,70,9.050881758879283e-05,0.003525060213393763,0.40759103385852796,0.06806394585764042,-0.39959141794042796,-0.08406772090412618,0.5857142857142857
expected_stress,ES_return,3,40,2.0,short_only,781,16,48,6.24570165069298e-05,0.0026409855117869767,0.3754183411553401,0.0471344341602562,-0.39959141794042796,-0.056931795293446275,0.5208333333333334
expected_stress,ES_return,1,10,1.0,long_short,781,70,140,0.00011779968012737147,0.005158414912452713,0.3625167770676177,0.08506155397936155,-0.39959141794042796,-0.14295894717613866,0.5285714285714286
expected_stress,ES_return,1,10,0.5,long_short,781,70,245,0.0001180869383489021,0.006540366506716971,0.28661574696342745,0.07849066738731958,-0.39959141794042796,-0.17736909703201065,0.5142857142857142
expected_stress,ES_return,5,20,2.0,short_only,781,34,51,4.433778496677592e-05,0.0025257314054307725,0.27866799879033105,0.03266624365379878,-0.39959141794042796,-0.0470524324473498,0.5294117647058824
expected_stress,ES_return,2,20,1.5,long_short,781,70,175,8.01636044763356e-05,0.005581468952573589,0.22799692709404018,0.05178418419870878,-0.39959141794042796,-0.19839934355432154,0.5085714285714286
expected_stress,ES_return,3,40,1.0,long_only,781,30,234,9.342812358881594e-05,0.006760548527111832,0.2193794596554861,0.05672618045529343,-0.39959141794042796,-0.20162261046495666,0.49572649572649574
expected_stress,ES_return,3,40,2.0,long_short,781,40,111,6.168606377921321e-05,0.004601902225225147,0.2127893763891724,0.04073776011035135,-0.39959141794042796,-0.12990014635898794,0.5045045045045045
expected_stress,ES_return,5,20,1.5,short_only,781,34,85,3.83444551605594e-05,0.003310176924634924,0.18388725706731748,0.02600623617919018,-0.39959141794042796,-0.054230199247729094,0.5294117647058824
expected_stress,ES_return,3,20,2.0,long_only,781,36,54,3.522078521744908e-05,0.003283368938030536,0.1702862646712234,0.02360050170102901,-0.39959141794042796,-0.10278132851489652,0.46296296296296297
expected_stress,ES_return,3,10,1.0,long_short,781,70,140,5.339467363103957e-05,0.004979695398760953,0.17021405903462217,0.03256539492064214,-0.39959141794042796,-0.17423674100301556,0.4857142857142857
expected_stress,ES_return,2,10,2.0,long_short,781,70,35,2.676893084529599e-05,0.002521565328456228,0.16852373344560445,0.018612660633997136,-0.39959141794042796,-0.08617893707209956,0.6
expected_stress,ES_return,7,10,1.5,short_only,781,34,34,2.4177854589233278e-05,0.002280686609631862,0.16828771706214865,0.017000718277299987,-0.39959141794042796,-0.03236238348466158,0.5
expected_stress,ES_return,10,40,2.0,long_only,781,24,63,3.766732793832538e-05,0.003563728400560858,0.16778784083788215,0.024765926524726867,-0.39959141794042796,-0.1053359459784029,0.5555555555555556
expected_stress,ES_return,7,20,0.5,short_only,781,33,254,6.569578899267757e-05,0.006639133273732718,0.15708199792869254,0.034715867350409324,-0.39959141794042796,-0.17488350140917497,0.5039370078740157
expected_stress,ES_return,1,40,0.5,long_short,781,37,603,0.00010247652597503718,0.01039176573421512,0.15654359993457484,0.0387114209154622,-0.39959141794042796,-0.342277886341947,0.4892205638474295
expected_stress,ES_return,1,40,0.5,short_only,781,25,291,6.884335816645223e-05,0.007067161778600482,0.1546383774701561,0.03489688419754011,-0.39959141794042796,-0.22299912000979616,0.4845360824742268
expected_stress,ES_return,1,20,2.0,long_short,781,70,105,4.201994895039053e-05,0.004406332072617813,0.15138350881527723,0.02556018975326535,-0.39959141794042796,-0.12023921670777082,0.5523809523809524
expected_stress,ES_return,1,10,2.0,short_only,781,34,17,1.7035370454951717e-05,0.0018894419483900327,0.1431259227225187,0.011972792597787718,-0.39959141794042796,-0.04870735858432229,0.5294117647058824
expected_stress,ES_return,3,10,0.5,long_short,781,70,245,5.9193459615484405e-05,0.006592364140624695,0.14253870390958978,0.029741028765130073,-0.39959141794042796,-0.16614344215227095,0.4857142857142857
expected_stress,ES_return,7,10,2.0,long_only,781,36,18,1.2065450795317288e-05,0.0015856423339320382,0.12079211652152154,0.008475128407259946,-0.39959141794042796,-0.03393561758940855,0.5555555555555556
expected_stress,ES_return,7,10,1.0,short_only,781,34,68,2.247003407816927e-05,0.0030803227891811865,0.11579979019884235,0.013950212389591155,-0.39959141794042796,-0.06973515260215768,0.5
expected_stress,ES_return,7,20,1.5,short_only,781,34,85,2.5200066494392057e-05,0.00372965707672709,0.10725882985192954,0.014359216002099773,-0.39959141794042796,-0.11655905647364007,0.5294117647058824
expected_stress,ES_return,5,40,1.0,long_only,781,30,234,4.2961625325369737e-05,0.00661110621190854,0.10315893245700757,0.016676585530913224,-0.39959141794042796,-0.14591009201179184,0.49572649572649574
expected_stress,ES_return,7,40,0.5,short_only,781,25,285,4.614814956875619e-05,0.00738288678114136,0.09922665551633933,0.014926532776305512,-0.39959141794042796,-0.15147352089394062,0.4807017543859649
expected_stress,ES_return,2,10,0.5,long_short,781,70,245,4.195197328012697e-05,0.006713225248958128,0.099202232183288,0.01533773536610994,-0.39959141794042796,-0.2110221361959198,0.5020408163265306
expected_stress,ES_return,2,40,0.5,short_only,781,25,290,4.2282478532794634e-05,0.007064600490895723,0.09501082742671943,0.013664502752528618,-0.39959141794042796,-0.19229851121892028,0.4827586206896552
expected_stress,ES_return,1,20,1.0,long_short,781,70,315,3.747352182237805e-05,0.0075368199442954345,0.07892900737277682,0.007165836433669748,-0.39959141794042796,-0.21528124035069052,0.4984126984126984
expected_stress,ES_return,10,10,0.5,long_only,781,36,126,2.4085181474672777e-05,0.004859371807086152,0.07868103490774647,0.009626595121619452,-0.39959141794042796,-0.11229533687493454,0.5317460317460317
expected_stress,ES_return,10,20,0.5,short_only,781,33,251,3.174404812142526e-05,0.00658943610001863,0.07647409185941195,0.007902148765562833,-0.39959141794042796,-0.19746899358319137,0.47410358565737054
expected_stress,ES_return,1,40,0.5,long_only,781,24,312,3.3633167808584914e-05,0.007618966875325444,0.07007642842995135,0.0036859099453936395,-0.39959141794042796,-0.23015682890367362,0.4935897435897436
expected_stress,ES_return,2,20,0.5,long_short,781,70,525,4.0948524045266594e-05,0.009779012288603898,0.06647273240786027,-0.005275981313038969,-0.39959141794042796,-0.22641975089177735,0.5047619047619047
expected_stress,ES_return,3,40,1.5,long_only,781,24,121,2.114501669825737e-05,0.00507858709173774,0.06609451169154364,0.006501784442109804,-0.39959141794042796,-0.14290249988104087,0.49586776859504134
expected_stress,ES_return,5,40,1.5,long_only,781,24,121,1.9992380183614382e-05,0.004964303079125286,0.0639302619993374,0.006034547626556419,-0.39959141794042796,-0.12900619698372995,0.512396694214876
expected_stress,ES_return,2,40,2.0,long_short,781,40,111,1.5265331199584197e-05,0.004834867635777328,0.05012125221745598,0.0028333729631579985,-0.39959141794042796,-0.15953847477908223,0.4954954954954955
expected_stress,ES_return,2,40,1.5,short_only,781,20,89,1.0506412424527178e-05,0.004022749588122248,0.04146023087619544,0.0019003492321345572,-0.39959141794042796,-0.13719883522028453,0.4943820224719101
expected_stress,ES_return,3,40,1.0,long_short,781,67,427,2.1146699267314602e-05,0.008881224647622109,0.03779810298538019,-0.014116786783721191,-0.39959141794042796,-0.24171681525032018,0.48711943793911006
expected_stress,ES_return,1,40,1.0,short_only,781,38,194,1.329726851000928e-05,0.005814233469762678,0.03630531774504503,-0.0027957456383136403,-0.39959141794042796,-0.12944878646572977,0.4948453608247423
expected_stress,ES_return,7,20,2.0,long_short,781,70,105,5.798785984444849e-06,0.00432001374310684,0.02130846779653196,-0.00273529034519826,-0.39959141794042796,-0.07606703087183009,0.4857142857142857
expected_stress,ES_return,3,40,1.5,long_short,781,44,210,2.594756081332275e-06,0.006487119174005129,0.006349579022614939,-0.01426686678648359,-0.39959141794042796,-0.18465965575380594,0.49523809523809526
expected_stress,ES_return,5,20,2.0,long_short,781,70,105,2.872582215307201e-07,0.0040208478456403105,0.001134109787894182,-0.006055773119916341,-0.39959141794042796,-0.10449349544899977,0.49523809523809526
expected_stress,ES_return,3,40,2.0,long_only,781,24,63,-7.709527277166128e-07,0.0037686341280076282,-0.0032474617394659257,-0.0061087419544516575,-0.39959141794042796,-0.09921805726705257,0.49206349206349204
expected_stress,ES_return,10,20,1.5,long_only,781,36,90,-3.93585163584672e-06,0.004221791938756326,-0.014799333709606871,-0.010003662967479121,-0.39959141794042796,-0.08014481021122455,0.5444444444444444
expected_stress,ES_return,5,20,0.5,short_only,781,34,255,-6.2633793170767914e-06,0.006486844828715457,-0.015327646469815987,-0.021076638430790107,-0.39959141794042796,-0.12273411043400828,0.5019607843137255
expected_stress,ES_return,5,10,0.5,short_only,781,34,119,-4.80890025448365e-06,0.004261314534334768,-0.017914407468255802,-0.010784083199576466,-0.39959141794042796,-0.14062023335287654,0.5210084033613446
expected_stress,ES_return,2,10,1.0,long_only,781,36,72,-5.587397644933776e-06,0.003708144250787848,-0.02391956241947478,-0.009654811813200936,-0.39959141794042796,-0.13733763713289748,0.4861111111111111
expected_stress,ES_return,5,10,1.0,short_only,781,34,68,-5.831112159642394e-06,0.0030740737844438637,-0.030111845823758435,-0.008208056823840515,-0.39959141794042796,-0.06274854697650223,0.5
expected_stress,ES_return,2,20,1.0,long_short,781,70,315,-1.4959086167792575e-05,0.007626298200117481,-0.031138060014612886,-0.03376425720370346,-0.39959141794042796,-0.24944388493842662,0.49206349206349204
expected_stress,ES_return,7,20,0.5,long_short,781,69,524,-2.3191096734532245e-05,0.009814298017411979,-0.03751131735447001,-0.05416338654940722,-0.39959141794042796,-0.20661667238212833,0.4961832061068702
expected_stress,ES_return,1,40,1.5,long_short,781,44,210,-1.5438747927741808e-05,0.006421779007851425,-0.038164272723565824,-0.0277158040192943,-0.39959141794042796,-0.23725199208736059,0.48095238095238096
expected_stress,ES_return,2,40,1.0,long_only,781,30,234,-2.1247127423702037e-05,0.006839336747384883,-0.04931584799573778,-0.034203194321477226,-0.39959141794042796,-0.2340156300389693,0.49145299145299143
expected_stress,ES_return,10,40,0.5,short_only,781,25,282,-2.3462147297211307e-05,0.0073117380606300955,-0.05093864669980094,-0.03841305984696575,-0.39959141794042796,-0.18553409396273446,0.48936170212765956
expected_stress,ES_return,7,40,1.5,long_only,781,24,121,-1.9517514610452504e-05,0.005017843463067634,-0.06174583593457666,-0.024748027516786175,-0.39959141794042796,-0.15244505760106875,0.5041322314049587
expected_stress,ES_return,3,40,0.5,short_only,781,25,289,-2.8818147159201336e-05,0.0069996940224658485,-0.0653562716177552,-0.04075360080940471,-0.39959141794042796,-0.22574789347562452,0.4671280276816609
expected_stress,ES_return,3,20,0.5,long_short,781,70,525,-4.0132291599256e-05,0.009739660843086927,-0.06541094078658177,-0.06604952395629926,-0.39959141794042796,-0.18896880179398656,0.49523809523809526
expected_stress,ES_return,3,40,1.5,short_only,781,20,89,-1.855026061692509e-05,0.004036072699107504,-0.07296108867217231,-0.020634490221103752,-0.39959141794042796,-0.11969261872123793,0.4943820224719101
expected_stress,ES_return,2,40,1.5,long_short,781,44,210,-3.00903805670441e-05,0.006521611371421655,-0.07324416556118837,-0.03926895492924776,-0.39959141794042796,-0.24875230052757014,0.49047619047619045
expected_stress,ES_return,1,40,2.0,long_only,781,24,63,-1.819756448662972e-05,0.0035448692448000595,-0.08149168859072871,-0.01890823830956523,-0.39959141794042796,-0.14395775855930504,0.49206349206349204
expected_stress,ES_return,10,40,1.0,long_only,781,30,234,-3.394969489240813e-05,0.00652119730916569,-0.08264351975265417,-0.04216603441341793,-0.39959141794042796,-0.18918796061777476,0.49145299145299143
expected_stress,ES_return,2,40,0.5,long_short,781,37,602,-5.554525695006789e-05,0.010433396723433007,-0.0845126128879951,-0.08220916333535433,-0.39959141794042796,-0.33075108224961014,0.48172757475083056
expected_stress,ES_return,7,40,1.0,short_only,781,37,189,-3.313249785212215e-05,0.0057218685414129585,-0.09192138791372868,-0.03790139699095696,-0.39959141794042796,-0.10377707591837992,0.4603174603174603
expected_stress,ES_return,1,10,1.5,long_short,781,70,70,-2.171993779310633e-05,0.0036526449672809594,-0.09439552062755768,-0.021923174566067627,-0.39959141794042796,-0.11634749164113134,0.5428571428571428
expected_stress,ES_return,2,40,1.0,short_only,781,37,194,-3.4850176330579465e-05,0.005824032272393753,-0.0949907851519154,-0.03964371824509527,-0.39959141794042796,-0.15128536728044706,0.5
expected_stress,ES_return,7,20,1.0,short_only,781,34,153,-3.1424677326500926e-05,0.005040428176334724,-0.09897002198352554,-0.033858164928790124,-0.39959141794042796,-0.09973496917172464,0.49019607843137253
expected_stress,ES_return,2,40,1.0,long_short,781,67,428,-5.6097303754281515e-05,0.008983005968110429,-0.09913352978855844,-0.07249097076780842,-0.39959141794042796,-0.2821296864177836,0.4953271028037383
expected_stress,ES_return,10,10,0.5,long_short,781,70,245,-4.501386641551371e-05,0.006768083104223442,-0.10557981713665429,-0.05165683661285525,-0.39959141794042796,-0.1337319954441204,0.5102040816326531
expected_stress,ES_return,1,20,0.5,long_short,781,70,525,-6.784917796051248e-05,0.009763955866528938,-0.11031105875378974,-0.08622796628444729,-0.39959141794042796,-0.2671185782942841,0.49714285714285716
expected_stress,ES_return,10,40,1.0,short_only,781,37,186,-4.638735589406609e-05,0.005965487548915279,-0.12343944061624405,-0.0488755551137412,-0.39959141794042796,-0.1368324031843422,0.478494623655914
expected_stress,ES_return,2,40,1.5,long_only,781,24,121,-4.05967929915713e-05,0.005133034822028766,-0.1255503093275516,-0.04109121649966041,-0.39959141794042796,-0.18176379122160635,0.48760330578512395
expected_stress,ES_return,10,40,1.0,long_short,781,67,420,-8.033705078647417e-05,0.00883798067038685,-0.14429892893355217,-0.08898070118825807,-0.39959141794042796,-0.19624680287103313,0.4857142857142857
expected_stress,ES_return,3,10,1.5,long_only,781,36,36,-2.4716229587618155e-05,0.0026874157835045367,-0.14599824240982492,-0.021869985636584932,-0.39959141794042796,-0.09860659503218872,0.4444444444444444
expected_stress,ES_return,1,40,1.0,long_short,781,68,428,-8.599485028906399e-05,0.008940494242498587,-0.15269020820945753,-0.09363294176399195,-0.39959141794042796,-0.28887229382249946,0.48598130841121495
expected_stress,ES_return,7,10,1.5,long_short,781,70,70,-3.82116311962086e-05,0.00372940522821183,-0.16265082577324547,-0.034652022135477356,-0.39959141794042796,-0.08423620042168634,0.4857142857142857
expected_stress,ES_return,3,20,1.0,long_short,781,70,315,-8.58959918411896e-05,0.0076904714723620374,-0.17730468191377663,-0.08622068221732693,-0.39959141794042796,-0.26147788867107424,0.4888888888888889
expected_stress,ES_return,7,20,1.0,long_only,781,36,162,-6.809923647194481e-05,0.00563785301506386,-0.19174708212158462,-0.06350289487330574,-0.39959141794042796,-0.1363070627776376,0.49382716049382713
expected_stress,ES_return,7,20,0.5,long_only,781,36,270,-8.888688572720975e-05,0.007227078316093724,-0.19524287754750033,-0.08589725614956545,-0.39959141794042796,-0.17600902888905123,0.4888888888888889
expected_stress,ES_return,3,40,1.0,short_only,781,37,193,-7.228142432150128e-05,0.005758264608605647,-0.19926698701385603,-0.067040041733886,-0.39959141794042796,-0.14225858995833385,0.47668393782383417
expected_stress,ES_return,3,40,0.5,long_short,781,37,601,-0.00013126614641598646,0.010378645354255775,-0.20077624803091454,-0.13454480985745498,-0.39959141794042796,-0.35503537425947984,0.47420965058236275
expected_stress,ES_return,2,40,0.5,long_only,781,24,312,-9.782773548286252e-05,0.007677167686600052,-0.20228386559592468,-0.0945812601975744,-0.39959141794042796,-0.24485954735045634,0.4807692307692308
expected_stress,ES_return,7,20,1.0,long_short,781,70,315,-9.952391379844571e-05,0.00756220981856616,-0.20891950770901244,-0.09521096831401932,-0.39959141794042796,-0.1667681585542924,0.49206349206349204
expected_stress,ES_return,7,40,0.5,long_short,781,37,597,-0.00014053792654925953,0.010539128375571563,-0.21168452845712907,-0.1419050912307147,-0.39959141794042796,-0.28582901076270195,0.4824120603015075
expected_stress,ES_return,3,40,0.5,long_only,781,24,312,-0.0001024479992567852,0.007663320120839667,-0.2122202314992562,-0.09777593027942466,-0.39959141794042796,-0.2577114983386667,0.4807692307692308
expected_stress,ES_return,10,40,2.0,long_short,781,40,111,-6.714583550314827e-05,0.004832956221568108,-0.2205497101614642,-0.059703872440853734,-0.39959141794042796,-0.17762914567724752,0.5135135135135135
expected_stress,ES_return,5,20,2.0,long_only,781,36,54,-4.405052674524521e-05,0.003127936548571622,-0.22355966065080113,-0.03749712650304893,-0.39959141794042796,-0.0945667557190143,0.46296296296296297
expected_stress,ES_return,5,40,0.5,short_only,781,25,287,-0.00010081730046344683,0.007025497699816905,-0.2278023704024062,-0.09333759505596673,-0.39959141794042796,-0.1948283958129312,0.4634146341463415
expected_stress,ES_return,10,40,1.5,long_only,781,24,121,-6.752678156540245e-05,0.004665900180358933,-0.2297422541665588,-0.05939895866647704,-0.39959141794042796,-0.15210582406983664,0.49586776859504134
expected_stress,ES_return,5,10,1.5,short_only,781,34,34,-3.0008966748875673e-05,0.002060811795286321,-0.23116015727724576,-0.02478737197338632,-0.39959141794042796,-0.05566384947867353,0.5
expected_stress,ES_return,1,40,1.0,long_only,781,30,234,-9.92921187990733e-05,0.006791500750636209,-0.23208618813721257,-0.0910918658122094,-0.39959141794042796,-0.25374991287175364,0.47863247863247865
expected_stress,ES_return,5,20,1.5,long_short,781,70,175,-8.032615830499337e-05,0.005493219585056956,-0.2321294847484396,-0.0717892153307027,-0.39959141794042796,-0.14271627581223212,0.4742857142857143
expected_stress,ES_return,10,10,0.5,short_only,781,34,119,-6.909904789018655e-05,0.004710639208495325,-0.2328587121073602,-0.06069910601660844,-0.39959141794042796,-0.11636507038655264,0.48739495798319327
expected_stress,ES_return,7,10,0.5,short_only,781,34,119,-6.333681346981293e-05,0.004269233681230627,-0.2355084820207459,-0.05501361783760539,-0.39959141794042796,-0.1174919963929737,0.5126050420168067
expected_stress,ES_return,10,20,2.0,long_only,781,36,54,-5.166473101907258e-05,0.0033823393238656746,-0.24248075087857018,-0.04385131045259416,-0.39959141794042796,-0.06921579373313935,0.5370370370370371
expected_stress,ES_return,10,20,0.5,long_short,781,69,521,-0.00014780051847998788,0.009625104140627507,-0.24376468648927901,-0.14065902973335376,-0.39959141794042796,-0.26536980851624925,0.4817658349328215
expected_stress,ES_return,10,10,1.5,short_only,781,34,34,-4.3153355415043016e-05,0.00268294924691914,-0.25533031636127845,-0.03585779314146431,-0.39959141794042796,-0.10577555746554346,0.5
expected_stress,ES_return,3,20,1.5,long_only,781,36,90,-6.87667563328633e-05,0.004123591920614194,-0.26472998186236585,-0.058547050521598254,-0.39959141794042796,-0.17378280638310128,0.45555555555555555
expected_stress,ES_return,7,40,2.0,short_only,781,16,48,-4.745444114630549e-05,0.002817396718612652,-0.2673801294277792,-0.0393685828947522,-0.39959141794042796,-0.09183897396952945,0.4791666666666667
expected_stress,ES_return,1,20,1.5,long_only,781,36,90,-7.11116367382878e-05,0.004142257676787765,-0.27252342197819346,-0.06031637607758056,-0.39959141794042796,-0.17226353612216083,0.4777777777777778
expected_stress,ES_return,5,40,2.0,short_only,781,16,48,-4.8441786163141476e-05,0.002723757721012708,-0.2823266950566874,-0.0399156406499801,-0.39959141794042796,-0.09106262727748682,0.4791666666666667
expected_stress,ES_return,3,10,2.0,long_only,781,36,18,-2.9687759697940293e-05,0.0016609430803041063,-0.2837415564981846,-0.023976477931087592,-0.39959141794042796,-0.05033478868802632,0.5
expected_stress,ES_return,7,20,2.0,long_only,781,36,54,-6.255463592499028e-05,0.0034565499857519676,-0.28728763193460255,-0.05210601646791124,-0.39959141794042796,-0.08827959216525849,0.42592592592592593
expected_stress,ES_return,10,20,1.0,short_only,781,34,153,-9.721056862875492e-05,0.005365343856919773,-0.28761808703144426,-0.0834687890670276,-0.39959141794042796,-0.15541814530400022,0.48366013071895425
expected_stress,ES_return,7,10,1.0,long_short,781,70,140,-9.512269064412815e-05,0.005195417043974672,-0.29064575338632287,-0.08133649724689995,-0.39959141794042796,-0.15140688319017925,0.4714285714285714
expected_stress,ES_return,1,10,2.0,long_short,781,70,35,-4.84888686384023e-05,0.0026421438705708125,-0.2913304363195993,-0.03979514173212284,-0.39959141794042796,-0.08414744373305305,0.4857142857142857
expected_stress,ES_return,5,40,1.0,long_short,781,67,425,-0.00016537320137947174,0.00867692019915312,-0.30255184165971016,-0.14658298303527517,-0.39959141794042796,-0.25566730948748595,0.4682352941176471
expected_stress,ES_return,7,40,1.0,long_short,781,67,423,-0.00017294356847518853,0.00878312707857737,-0.3125759212680312,-0.15224230114800896,-0.39959141794042796,-0.24023956676627123,0.47044917257683216
expected_stress,ES_return,5,20,1.0,short_only,781,34,153,-9.334578021868861e-05,0.004740199917974732,-0.31260671448827154,-0.07843734680204928,-0.39959141794042796,-0.1460303934159557,0.5098039215686274
expected_stress,ES_return,2,20,2.0,long_only,781,36,54,-6.552441245000102e-05,0.0031917280087664563,-0.32589487513378956,-0.05364802817493586,-0.39959141794042796,-0.15549240520863683,0.48148148148148145
expected_stress,ES_return,10,40,0.5,long_short,781,37,594,-0.0002171615233173329,0.010443703195185188,-0.3300871583335508,-0.19116297790992987,-0.39959141794042796,-0.37470845103766814,0.4882154882154882
expected_stress,ES_return,5,10,1.5,long_only,781,36,36,-5.611597754056249e-05,0.0026959913901082907,-0.3304215028898532,-0.045585908482358994,-0.39959141794042796,-0.08511885856242662,0.4166666666666667
expected_stress,ES_return,7,40,1.0,long_only,781,30,234,-0.00013981107062306636,0.006664294271030408,-0.3330333040756875,-0.11884530733070464,-0.39959141794042796,-0.235739835884466,0.47863247863247865
expected_stress,ES_return,7,10,1.5,long_only,781,36,36,-6.238948578544186e-05,0.0029502391749185878,-0.3357024038256834,-0.05078928606881683,-0.39959141794042796,-0.0875126089250362,0.4722222222222222
expected_stress,ES_return,3,10,1.0,long_only,781,36,72,-8.083220712818064e-05,0.0038062837074831065,-0.33711924977927205,-0.06645893095520328,-0.39959141794042796,-0.15617035485129893,0.4305555555555556
expected_stress,ES_return,2,20,0.5,long_only,781,36,270,-0.00016010984444088093,0.007280316773685249,-0.349114614662059,-0.13560930526639192,-0.39959141794042796,-0.2599413649794039,0.48518518518518516
expected_stress,ES_return,10,10,2.0,long_only,781,36,18,-5.503808879730717e-05,0.002357506134494239,-0.3706045811631477,-0.04417130241059497,-0.39959141794042796,-0.06025754801531724,0.5
expected_stress,ES_return,2,40,2.0,long_only,781,24,63,-8.873212182657234e-05,0.0037913857970891893,-0.37152082149450666,-0.07216289244216423,-0.39959141794042796,-0.1528493197363029,0.47619047619047616
expected_stress,ES_return,2,10,2.0,long_only,781,36,18,-4.080818286238285e-05,0.0017224819080515175,-0.3760909283480861,-0.03248856703270975,-0.39959141794042796,-0.0745278846917633,0.5555555555555556
expected_stress,ES_return,7,20,1.5,long_short,781,70,175,-0.00013929066547222922,0.00585927396298583,-0.377379651254004,-0.11503976186137799,-0.39959141794042796,-0.2102078873119464,0.49142857142857144
expected_stress,ES_return,5,10,1.0,long_short,781,70,140,-0.00012433657548564675,0.005041211711168114,-0.3915292708802418,-0.1014959264700045,-0.39959141794042796,-0.1399266395965142,0.4714285714285714
expected_stress,ES_return,5,40,1.5,long_short,781,44,210,-0.000159111054082381,0.006412222024629891,-0.39390552447468613,-0.13091342617179635,-0.39959141794042796,-0.24292409356956635,0.48095238095238096
expected_stress,ES_return,7,40,0.5,long_only,781,24,312,-0.00018668607611801565,0.00751990406650243,-0.3940940679126023,-0.15452510003656317,-0.39959141794042796,-0.25697658866343565,0.483974358974359
expected_stress,ES_return,7,40,2.0,long_only,781,24,63,-9.384185965832945e-05,0.003710392144256156,-0.40149215539082445,-0.07565630401600609,-0.39959141794042796,-0.13794267289664008,0.47619047619047616
expected_stress,ES_return,5,10,1.5,long_short,781,70,70,-8.612494428943816e-05,0.0033929253673220124,-0.4029534863285188,-0.06924332558544788,-0.39959141794042796,-0.1261663958900675,0.45714285714285713
expected_stress,ES_return,10,20,0.5,long_only,781,36,270,-0.0001795445666014132,0.007015023025261047,-0.40629683247193815,-0.14739642998168645,-0.39959141794042796,-0.2132322746398918,0.4888888888888889
expected_stress,ES_return,1,40,1.5,long_only,781,24,121,-0.0001310702523330713,0.005099868290770474,-0.4079861739716415,-0.10640017265610169,-0.39959141794042796,-0.20455590049492078,0.45454545454545453
expected_stress,ES_return,10,40,0.5,long_only,781,24,312,-0.00019369937602012162,0.007457782768441746,-0.41230515339725504,-0.1588519058283523,-0.39959141794042796,-0.30145354284705406,0.48717948717948717
expected_stress,ES_return,10,20,1.0,long_only,781,36,162,-0.00014368852314957596,0.0054686952018697605,-0.4170985046428768,-0.11655517405542981,-0.39959141794042796,-0.18320175880015455,0.49382716049382713
expected_stress,ES_return,5,20,1.5,long_only,781,36,90,-0.00011867061346555273,0.004382816189351794,-0.4298235439452839,-0.09531662485218273,-0.39959141794042796,-0.14411805796226018,0.4222222222222222
expected_stress,ES_return,10,10,1.0,long_only,781,36,72,-0.00010068309913747501,0.0037043759893320804,-0.4314612377018202,-0.08059161978604501,-0.39959141794042796,-0.1103609445604451,0.5277777777777778
expected_stress,ES_return,7,40,1.5,long_short,781,44,210,-0.00017488325803146642,0.006351139618714993,-0.43711614324134374,-0.14129780514260482,-0.39959141794042796,-0.219265510823492,0.47619047619047616
expected_stress,ES_return,10,10,2.0,short_only,781,34,17,-4.5883387831265815e-05,0.0016661001003894405,-0.4371743335791687,-0.036246548563959036,-0.39959141794042796,-0.06174493854520324,0.35294117647058826
expected_stress,ES_return,3,10,0.5,long_only,781,36,126,-0.00014338684305317088,0.005140564914683418,-0.4427909394709428,-0.1151020372723236,-0.39959141794042796,-0.21321292917622303,0.42857142857142855
expected_stress,ES_return,7,10,1.0,long_only,781,36,72,-0.00011759272472229741,0.004183142165292677,-0.44624986669642586,-0.09397572826769018,-0.39959141794042796,-0.12258187624911954,0.4444444444444444
expected_stress,ES_return,3,20,0.5,long_only,781,36,270,-0.00021040617787370234,0.007317992713221831,-0.4564222262421616,-0.1690951916711836,-0.39959141794042796,-0.22717180934978065,0.4703703703703704
expected_stress,ES_return,5,40,0.5,long_only,781,24,312,-0.00021968801060323774,0.007585237343608793,-0.45976663543832175,-0.17635922816081173,-0.39959141794042796,-0.27699295155397907,0.4775641025641026
expected_stress,ES_return,2,20,1.5,long_only,781,36,90,-0.00012164038999056346,0.00417709634751802,-0.4622783788367759,-0.09678834255465318,-0.39959141794042796,-0.2170299424961073,0.45555555555555555
expected_stress,ES_return,2,10,1.5,long_only,781,36,36,-7.049594256032315e-05,0.002392331441523631,-0.46778150188484247,-0.05568608355332427,-0.39959141794042796,-0.10805029768574659,0.5277777777777778
expected_stress,ES_return,10,20,1.5,long_short,781,70,175,-0.00016849852192770716,0.005714930045775558,-0.4680426690075202,-0.13444593099037883,-0.39959141794042796,-0.17489266842016526,0.5028571428571429
expected_stress,ES_return,5,10,1.0,long_only,781,36,72,-0.00011850546332600433,0.003995656353310753,-0.4708152412105719,-0.09405991880455788,-0.39959141794042796,-0.12460320310732287,0.4444444444444444
expected_stress,ES_return,5,20,0.5,long_short,781,70,525,-0.00029379416927870016,0.009719111313877926,-0.4798625821533726,-0.23383182456335783,-0.39959141794042796,-0.28467382727001955,0.4838095238095238
expected_stress,ES_return,7,40,2.0,long_short,781,40,111,-0.0001412963008046349,0.004657876800614183,-0.48155186034952163,-0.11204640543459321,-0.39959141794042796,-0.18435777413317334,0.4774774774774775
expected_stress,ES_return,5,40,0.5,long_short,781,37,599,-0.00032050531106668457,0.010336783348509198,-0.49220960817379017,-0.2532358769943205,-0.39959141794042796,-0.33976141192645415,0.4707846410684474
expected_stress,ES_return,10,20,1.0,long_short,781,70,315,-0.0002408990917783308,0.007659345273087218,-0.4992795586429207,-0.19029524388455377,-0.39959141794042796,-0.2652273774441163,0.4888888888888889
expected_stress,ES_return,10,40,1.5,short_only,781,19,89,-0.00013344817814204906,0.004175959937127601,-0.5072903441521482,-0.10509471310625473,-0.39959141794042796,-0.12630835711871602,0.43820224719101125
expected_stress,ES_return,10,40,1.5,long_short,781,43,210,-0.00020097495970745153,0.006260289141218067,-0.5096216016313435,-0.15825115525286704,-0.39959141794042796,-0.2046839103108875,0.4714285714285714
expected_stress,ES_return,10,40,2.0,short_only,781,16,48,-0.00010481316344147361,0.0032633417749099113,-0.5098630490821235,-0.08242838367200822,-0.39959141794042796,-0.10128686371513596,0.4583333333333333
expected_stress,ES_return,7,10,0.5,long_only,781,36,126,-0.0001632377350624653,0.005065325925930563,-0.5115798563079302,-0.1284983279862093,-0.39959141794042796,-0.16551622006692768,0.48412698412698413
expected_stress,ES_return,5,40,2.0,long_only,781,24,63,-0.00012921429042314788,0.0039018067041713005,-0.5257085820215177,-0.10134498038911621,-0.39959141794042796,-0.12606076807702205,0.4126984126984127
expected_stress,ES_return,5,10,0.5,long_short,781,70,245,-0.00022541560976166737,0.006768974099516938,-0.5286416845092523,-0.17631735176098517,-0.39959141794042796,-0.26733813622441116,0.4816326530612245
expected_stress,ES_return,7,10,0.5,long_short,781,70,245,-0.00022657454853227828,0.00662292824472347,-0.5430769170516712,-0.17644278791521062,-0.39959141794042796,-0.25545399691776727,0.49795918367346936
expected_stress,ES_return,10,10,2.0,long_short,781,70,35,-0.00010092147662857297,0.002885943099843238,-0.5551317954656666,-0.07881679371659489,-0.39959141794042796,-0.11019213514463277,0.42857142857142855
expected_stress,ES_return,10,10,1.5,long_only,781,36,36,-0.000101936096041631,0.0029116112681570406,-0.5557697128662263,-0.0796093208149844,-0.39959141794042796,-0.08486809156854835,0.5
expected_stress,ES_return,1,20,0.5,long_only,781,36,270,-0.0002552638655558623,0.007252636286747156,-0.5587193513585741,-0.19741500486400132,-0.39959141794042796,-0.3170899793423655,0.4777777777777778
expected_stress,ES_return,1,10,2.0,long_only,781,36,18,-6.552423909335402e-05,0.0018462659708065152,-0.5633885178916694,-0.05115546060978482,-0.39959141794042796,-0.06000445069150695,0.4444444444444444
expected_stress,ES_return,1,10,1.0,long_only,781,36,72,-0.000131048651543355,0.003686085706213741,-0.5643745196422297,-0.10205909919262535,-0.39959141794042796,-0.19134796284876787,0.4722222222222222
expected_stress,ES_return,2,10,0.5,long_only,781,36,126,-0.0001840298757760054,0.00511242090048591,-0.5714286377279416,-0.14266181780533482,-0.39959141794042796,-0.24775617352535484,0.4603174603174603
expected_stress,ES_return,1,10,0.5,long_only,781,36,126,-0.0001750991782886002,0.004833182653203762,-0.5751103325875471,-0.13572930274246064,-0.39959141794042796,-0.25944052692979847,0.46825396825396826
expected_stress,ES_return,7,20,1.5,long_only,781,36,90,-0.00016449073196662129,0.004518013775976862,-0.5779551696890061,-0.12756721270151106,-0.39959141794042796,-0.1428305835067205,0.45555555555555555
expected_stress,ES_return,10,10,1.5,long_short,781,70,70,-0.000145089451456674,0.003958141961836081,-0.5818951570424267,-0.11261249939853268,-0.39959141794042796,-0.16944370908382067,0.5
expected_stress,ES_return,5,40,1.0,short_only,781,37,191,-0.0002083348267048414,0.005618211017935411,-0.5886594210880727,-0.16058161552027272,-0.39959141794042796,-0.1850025053378801,0.43455497382198954
expected_stress,ES_return,5,40,2.0,long_short,781,40,111,-0.0001776560765862894,0.004757143774132893,-0.5928353060539252,-0.13721537122020533,-0.39959141794042796,-0.18236235188867633,0.44144144144144143
expected_stress,ES_return,5,20,1.0,long_only,781,36,162,-0.00021935371260302773,0.005736510466606453,-0.6070122693069887,-0.16822652344885214,-0.39959141794042796,-0.21513429609027013,0.4691358024691358
expected_stress,ES_return,10,10,1.0,short_only,781,34,68,-0.000131690235379248,0.003391476354283407,-0.6164034358706328,-0.101796245771549,-0.39959141794042796,-0.14106442275333908,0.4852941176470588
expected_stress,ES_return,5,20,0.5,long_only,781,36,270,-0.0002875307899616232,0.007237788014735747,-0.6306360144537972,-0.2173358962355577,-0.39959141794042796,-0.24836483032269263,0.4666666666666667
expected_stress,ES_return,7,40,1.5,short_only,781,20,89,-0.00015536574342101393,0.0038941358371478974,-0.6333509716267156,-0.11950734878193114,-0.39959141794042796,-0.14189709876967305,0.43820224719101125
expected_stress,ES_return,2,20,1.0,long_only,781,36,162,-0.00023923311471286086,0.005909159631006802,-0.6426815653248228,-0.18166831584294674,-0.39959141794042796,-0.27241207492900743,0.4506172839506173
expected_stress,ES_return,10,20,2.0,long_short,781,70,105,-0.00019124988888920215,0.004632377741135037,-0.6553865067302338,-0.14597386287907455,-0.39959141794042796,-0.1747901294839589,0.5047619047619047
expected_stress,ES_return,3,20,1.0,long_only,781,36,162,-0.0002453229390948019,0.0059053888738375675,-0.6594622318131971,-0.18554816307563704,-0.39959141794042796,-0.24564145232176127,0.4444444444444444
expected_stress,ES_return,5,10,0.5,long_only,781,36,126,-0.00022060670950718373,0.005259499336525806,-0.6658472073813289,-0.16733785390030864,-0.39959141794042796,-0.19265571443933283,0.4444444444444444
expected_stress,ES_return,5,20,1.0,long_short,781,70,315,-0.00031269949282171643,0.0074388200413138894,-0.6673034877903794,-0.23346862808984004,-0.39959141794042796,-0.30743407609406903,0.4888888888888889
expected_stress,ES_return,1,10,1.5,long_only,781,36,36,-0.0001063324219557369,0.002523942798884903,-0.6687849144339345,-0.0819820600313842,-0.39959141794042796,-0.12134950384979337,0.5
expected_stress,ES_return,10,20,1.5,short_only,781,34,85,-0.00016456267029186044,0.0038520378117595047,-0.6781738736018866,-0.1256997257140472,-0.39959141794042796,-0.14624050784974685,0.4588235294117647
expected_stress,ES_return,1,20,1.0,long_only,781,36,162,-0.0002497192650089078,0.005724086168070309,-0.6925420618028213,-0.18764779517431396,-0.39959141794042796,-0.29770903870717935,0.4444444444444444
expected_stress,ES_return,10,20,2.0,short_only,781,34,51,-0.00013958515787012958,0.003167514164991928,-0.6995535209061855,-0.106806141704613,-0.39959141794042796,-0.15791516817928208,0.47058823529411764
expected_stress,ES_return,5,40,1.5,short_only,781,20,89,-0.0001791034342659954,0.004057722962764168,-0.7006833394598635,-0.1361265118791799,-0.39959141794042796,-0.1702771994106268,0.43820224719101125
expected_stress,ES_return,1,20,2.0,long_only,781,36,54,-0.0001360201816536772,0.003020380361971847,-0.7148945446854577,-0.1039928969093844,-0.39959141794042796,-0.15291734862701478,0.5
expected_stress,ES_return,10,10,1.0,long_short,781,70,140,-0.00023237333451672302,0.005019757102945123,-0.7348587294313852,-0.17418394122272685,-0.39959141794042796,-0.21672880105133396,0.5071428571428571
