date,ES_return,ZN_return,CL_return
2021-01-01,-0.006585660273326021,-0.0002859527742041194,0.0010136673323894014
2021-01-04,-0.002272547758668661,0.001527264258170732,-0.0015450394487984886
2021-01-05,-0.0013341346351113084,-0.006832265786818133,0.009138917722767011
2021-01-06,-0.002464749605598387,0.000730707388012013,-0.014554214170589724
2021-01-07,-0.011950757437966005,0.006208057846887795,-0.011959633621753845
2021-01-08,-0.012456925811500555,0.0022465961816975173,0.026326646184753222
2021-01-11,-0.013592437429317854,0.007092933306680992,-0.0077158283642163785
2021-01-12,0.0008473398512847295,0.0021639637536311645,-0.04225212711114366
2021-01-13,0.0067404414326044946,-0.004361782018927838,0.010631812277402454
2021-01-14,-0.01103700962352248,0.0038244846141133,0.01913806386419743
2021-01-15,-0.018356275742398863,-0.005527711701460968,0.018561025986117054
2021-01-18,-0.010598978239367007,-0.000970611405980191,-0.013626792982606994
2021-01-19,0.01713168755233602,-0.001531404308560543,0.00019431487323319784
2021-01-20,-0.0038582492501141193,-0.0033409205500644712,0.01162501769592333
2021-01-21,-0.0020571526320179163,0.011638902745526985,0.021525995679575947
2021-01-22,-0.010063469321907248,-0.0001177697539116577,0.01073894748168051
2021-01-25,0.00718705214244245,0.008887017320990946,0.017267835133023324
2021-01-26,-0.0017447808847268643,0.001850328534685195,-0.016272714947347916
2021-01-27,-0.00839627497710163,-0.004266304834294398,-0.05018001123058723
2021-01-28,-0.012346059508718225,-0.0020603728282657884,0.02319683696177864
2021-01-29,0.0049185760963168105,-0.0003846091495285377,-0.020572140145353995
2021-02-01,0.003125963656387341,-0.0016881125284699662,-0.0037974214758936804
2021-02-02,-0.014580534238132176,-0.0015091781187266276,0.017946816114743455
2021-02-03,0.014867118430587288,0.002799453717490237,0.0006736757190349729
2021-02-04,-0.007441122494193463,0.0016960812714165532,0.015622205469041407
2021-02-05,-0.026099285956152515,0.0031510915035004756,0.05438047282863624
2021-02-08,0.01852222938214579,0.007544114691533544,0.012244984362681333
2021-02-09,-0.0007880162586681675,-0.002578674225768251,-0.01575342624701111
2021-02-10,0.005316514198458261,0.005518029423575124,-0.03177440426588646
2021-02-11,0.020483005896380444,0.006760224170312288,0.015146690850403625
2021-02-12,-0.011639338020441226,0.006273444281648744,0.0020382295113162566
2021-02-15,0.0057482978727146535,-0.008797790291745199,-0.030339443699183812
2021-02-16,0.013963297996021229,0.00905875371920299,0.02585164644066613
2021-02-17,-0.010968036472490129,-0.003305040728661966,0.016085076895198818
2021-02-18,0.018035778025803865,-0.009457309516939618,6.255213545423009e-05
2021-02-19,-0.01637060910865252,0.00859589692994349,0.048446809765460196
2021-02-22,-0.0004917806847200971,0.0022407225325270044,0.022917613457045554
2021-02-23,-0.01227587300346199,0.0024594400387001323,-0.021401561127843305
2021-02-24,0.008909968886629625,-0.0019402887208593176,0.026147814007980035
2021-02-25,-0.011533957181241812,0.0008851024436134046,0.005640013835021381
2021-02-26,-0.006846489933096729,-0.0009771917760268676,0.04200354995633874
2021-03-01,-0.009739488719233571,-0.003525062176385825,0.021250707146533224
2021-03-02,-0.013893304844214876,-0.00015000893060794593,0.010985920344192879
2021-03-03,-0.00869498378060922,0.000311392223892407,0.009720191815051784
2021-03-04,5.594117181928265e-06,-0.00688295705310517,-0.025803186643181927
2021-03-05,-0.0008235423071192751,8.863648287972645e-05,-0.011027603642538577
2021-03-08,-0.0020428898439464305,-0.009215018213753808,0.004930501105566689
2021-03-09,-0.007594151327396269,0.009399574010478029,-0.029925767521773797
2021-03-10,-0.003500906621849762,-0.0008986533362580556,0.010760339931414873
2021-03-11,-0.018844080025467988,-0.005448952204268693,-0.01623777362246984
2021-03-12,-0.007845353115085815,0.0022948469342880346,-0.008310900877848732
2021-03-15,-0.0021485425803460176,-0.0039897956583319445,0.015955784481480603
2021-03-16,0.004328045844937233,-0.000544167966871867,-0.011733546769130422
2021-03-17,0.0025765497926186634,0.0020228074083518447,0.010647100096279687
2021-03-18,-0.014264130761305711,-0.00531926740362646,0.0034841074300185865
2021-03-19,0.006030766374149871,0.009299887033936981,-0.022728916480015918
2021-03-22,0.0024806210144462802,0.009717763224953022,0.020024171476614405
2021-03-23,0.017847242890515175,-0.002909886165369463,0.02087384552867905
2021-03-24,-0.017183118502514864,-0.005991477289903747,0.022184850347930118
2021-03-25,-0.0010597764781274928,-0.0029390140271976393,0.04233019047579559
2021-03-26,0.013315053934192791,-0.002852459073622174,-0.008457861410860424
2021-03-29,-0.0025540023615494753,0.005050198418429909,-0.042265251709537204
2021-03-30,-0.010366948125401256,-0.00286082670815154,-0.014082562079455747
2021-03-31,-0.009068372589619208,-0.006170485608565069,0.021561548647013238
2021-04-01,0.010550743455796591,-5.876027421648788e-05,-0.0010818535635326268
2021-04-02,-0.01824533228947107,-0.007620129969169581,-0.03069767151478776
2021-04-05,-0.0030521862719471342,0.004866686085789266,-0.03644369391908998
2021-04-06,-0.010468500080581608,0.0029777964530558424,0.031275518953000785
2021-04-07,-0.008826306456040243,-0.003391909123327524,0.013879392642921665
2021-04-08,0.005844724422654765,-0.0027263626797062535,-0.010585699651004275
2021-04-09,-0.004488542925994854,0.0011161901721957466,0.04157469817566081
2021-04-12,0.0030885482959464145,-0.005661301915762487,0.05845846676846705
2021-04-13,-0.014734172544251621,-0.004024435551901529,0.022872788553950016
2021-04-14,0.010939643828984312,-0.0016174958560496088,0.01723058875224591
2021-04-15,0.0034400715832586808,-0.007037904883131319,0.012176568804006211
2021-04-16,0.015425064033347776,-0.002556177209238894,0.019180776832446088
2021-04-19,-0.004459939358256914,-0.005577027411401501,0.04334880176905005
2021-04-20,0.0060081530206018705,0.006824295257802993,-0.021016426510081978
2021-04-21,0.010386333427212124,-0.0025099637456582518,-0.0068436995071634
2021-04-22,0.005644395616839237,-0.004976947870263297,-0.0007477911869127752
2021-04-23,0.02101507687696251,0.003051444663013799,0.01303579078709133
2021-04-26,-0.019318619157334942,-0.003462429525107719,0.0348393648869066
2021-04-27,0.003206262131407087,-0.006067654077164067,0.009776276406648654
2021-04-28,-0.00448067202496572,0.0042428590897122965,0.013998633238247375
2021-04-29,-0.00519736223237172,-0.0018831657038178788,0.015222101958150533
2021-04-30,0.01806876532524758,0.004131930917443449,0.0005993540399089882
2021-05-03,-0.006867947453474732,-0.0003625684352309814,-0.008795782110735057
2021-05-04,0.010646880010814324,0.00043951299693297316,0.0019009865214683606
2021-05-05,-0.012306566994391194,0.002644674926417709,-0.01418048863331052
2021-05-06,0.013167437042083282,-0.003640774694608685,-0.013432815192842658
2021-05-07,-0.0003554924436904019,-0.00400803698131573,0.008042987824180002
2021-05-10,-0.002778782998647954,0.00570201243539268,-0.01013697992981335
2021-05-11,-0.01805678855741037,0.0027024635224842768,0.040867666700274044
2021-05-12,-0.003028327859549468,-0.0005074215265689619,0.003436357536704457
2021-05-13,-0.007572123600221883,0.003644044566415887,0.03032163592833496
2021-05-14,0.021015156595616372,0.002679195580327909,-0.027365072870114842
2021-05-17,0.0010222425828779014,0.004515387457869787,-0.026467317741927843
2021-05-18,-0.006661977482721203,-0.005962162415155238,-0.002133525546843613
2021-05-19,-0.007263828035099976,-0.0005220613760006013,0.0208603269179385
2021-05-20,-0.01607143596460046,0.005525362262540126,-0.010626706795532388
2021-05-21,0.01868047121507691,0.008179574556581515,-0.0019500899668924625
2021-05-24,0.01527752763335546,-0.002780779757647248,0.02212471980210687
2021-05-25,-2.4667315592236507e-05,0.00040664592384314903,-0.008050151627810434
2021-05-26,0.026699848632705407,-0.00017717282915558332,-0.016323089813585975
2021-05-27,0.0007024419190643835,-0.006650729466474296,0.01612191084639
2021-05-28,0.013047179927314495,-0.0013827902253482553,-0.028757553463628818
2021-05-31,0.006677333765504286,-0.007835162139173703,-0.008293487698430432
2021-06-01,-0.009394431469208602,0.0004136199977831553,0.0009512944334528507
2021-06-02,-0.0010171576678345787,-0.0035873614435243868,0.009635004872524052
2021-06-03,3.754731703098108e-05,0.003067144412430707,0.015326293346073706
2021-06-04,-0.01689578213763842,-0.000927199278971292,0.020752506490939942
2021-06-07,0.003112606606090739,-0.001457525450468173,-0.006868862320184267
2021-06-08,0.013640279668171442,0.0077926347920484595,0.02103338256223705
2021-06-09,-0.008271963319811155,0.0003408468069325956,0.011151782432569235
2021-06-10,-0.0024914462328257353,0.00937430564686373,0.015887568698625135
2021-06-11,-0.013276501307629206,0.002212486835234816,-0.013918992568816572
2021-06-14,-0.005563117313451285,0.003962535900970938,0.014776412713993766
2021-06-15,-0.004839950911651612,-0.004358856791399314,-0.003346448096115819
2021-06-16,0.019145180198662286,-0.0035720084058252118,0.0011826221865961113
2021-06-17,-0.0037895507440271724,7.795555341627328e-05,0.0036435697845532402
2021-06-18,-0.006339464597914899,0.0060531809705154085,0.04650531700837418
2021-06-21,-0.0011757885894381603,-0.0017906151716210292,-0.020157018525589272
2021-06-22,-0.020535697655529362,-0.007135528875201612,0.026137795152310454
2021-06-23,-0.028113569858026082,0.0018944536316138681,0.03158756844989719
2021-06-24,-0.016616624882208372,0.0003355125648459612,0.01814342990232892
2021-06-25,0.003800938134457064,-0.0027109017443555125,-0.011835105363766316
2021-06-28,0.0003194390305933174,-0.002041099884975674,0.03754284898964624
2021-06-29,0.010520291066384193,-0.004400883159300803,-0.00724741212982321
2021-06-30,-0.018374597703292382,0.00468460641383377,0.015035269837947457
2021-07-01,-0.0028476856248055345,0.00031608412088383165,0.002410787902914834
2021-07-02,-0.019307511736671366,0.0013052105044091661,-0.008249827997392635
2021-07-05,0.0027708942435360957,-0.0027636565265364574,0.01175395448378671
2021-07-06,-0.016492472439041842,0.006659981668444855,0.04137348098567129
2021-07-07,-0.0030450264840948755,0.0011662868950256954,0.005561718481994679
2021-07-08,0.002210069340257218,-0.010572331911915908,0.043358928908077715
2021-07-09,-0.004246103106019009,0.0020757644266373334,-0.0037520174488125954
2021-07-12,-0.027596878915299976,-0.0010948658292177147,0.0014197069897666007
2021-07-13,0.020252853574501056,-0.0009721557586082291,-0.026776874776327692
2021-07-14,-0.006342964963387962,0.005155682003901555,-0.012506475447193336
2021-07-15,-0.01962947808073228,0.0006005533448981647,-0.005001260833515924
2021-07-16,0.009509692952209036,0.008374041153559105,-0.007004376651711676
2021-07-19,0.009935427406181082,0.0003516703932938337,-0.02090495638306494
2021-07-20,-0.0041605801957322695,-0.0020658803611334113,-0.017094598000597427
2021-07-21,0.017935504507046708,-0.008816702638286773,-0.00661715413733876
2021-07-22,-0.00891396910956724,-0.0035765408102074576,0.026087837079919223
2021-07-23,0.002071257639132156,-0.0015929628946420265,-0.03292560106386126
2021-07-26,0.0057589119366298425,0.0075167947299218055,-0.046039631722023314
2021-07-27,0.017896874547687548,-0.0021672196166692653,-0.038907645771206145
2021-07-28,-0.023853306764047427,0.008476857091944281,-0.018976284507117656
2021-07-29,0.027089652150213788,-0.005535542865603831,0.01375583248275781
2021-07-30,0.013407847957571616,-0.0035230279129279006,-0.008262921665703015
2021-08-02,0.002079071795290869,0.00729208500636774,-0.010210591399899412
2021-08-03,-0.013980507177601985,-0.0007832700312630316,-0.011373444196462072
2021-08-04,-0.012428459443096927,0.006408360457915428,-0.042452550810287155
2021-08-05,0.0025655820538690037,-0.0036873106416778533,0.018396094415828648
2021-08-06,0.005312752577875096,-0.0033240270950436693,0.028448494932184144
2021-08-09,0.0034659233223326797,0.0036654910085541868,-0.007950680061916125
2021-08-10,0.0015663314309936234,-0.0038861559831726636,0.0016609582302744687
2021-08-11,0.004689203182905603,-0.001124846736684189,0.002302891484171031
2021-08-12,-0.02614095051301623,0.001930632823808305,-0.023438018937821256
2021-08-13,-0.0037895749382966717,-0.000964867660071501,-0.010085456206440458
2021-08-16,-0.017568913240168526,-0.002327826173095335,0.0386803198456493
2021-08-17,-0.0007327685686544278,-0.00591298706635652,-0.00024170802801303854
2021-08-18,0.014466835038264514,0.007852019698248924,0.004160700146796058
2021-08-19,-0.011429457849916651,0.008443168789984022,-0.015588365144734535
2021-08-20,-0.00840515351073216,0.0015935176498901127,-0.009392639376899634
2021-08-23,-0.010602828597821405,-0.000956272433274052,0.013963030241895054
2021-08-24,-0.009412742352981188,-0.0004749302517936797,-0.01898486698763304
2021-08-25,0.0056617034997257145,0.004654428995870937,0.03502279244403471
2021-08-26,0.008749067534423054,0.005507559444036592,-0.03599366685164716
2021-08-27,0.016729245019530475,-0.0022501827032654557,-0.014492814539271056
2021-08-30,-0.012331871509520607,0.005508200214039298,-0.03272623650199505
2021-08-31,0.0078089151754172515,0.003274624457003563,0.028887017003038196
2021-09-01,0.010029749527861412,0.005373459101983038,-0.0009071921900052133
2021-09-02,0.019409211258056582,-0.0077937122616290756,-0.006569531174799553
2021-09-03,-0.011918916953827755,-0.0017194864810578412,0.008276612852889928
2021-09-06,-0.024673611135022425,-0.0005491807662097815,0.030384167277923937
2021-09-07,-0.004121287097571504,-0.0019484395306010856,0.0042581013998608305
2021-09-08,0.03332389365859287,0.009776792844021102,0.024900592749506494
2021-09-09,-0.015574847858840883,-0.0008334909580809406,-0.007979825078031265
2021-09-10,0.0023436537912240657,0.004091684888833885,-0.023336624328333864
2021-09-13,-0.02820711560622788,0.0015685858022851927,0.004103225525787836
2021-09-14,0.020403005159230866,-0.0007635990602249252,-0.016201311943699677
2021-09-15,-0.023197230944239575,-0.0032138128927316173,0.014740711046014786
2021-09-16,-0.029277095521969113,0.010571012845312163,-0.009369935409707791
2021-09-17,0.0004316327795566442,-0.0007319634963981902,-0.0023316843191655812
2021-09-20,0.0008681954379757637,0.004654042469910555,-0.0496339352227208
2021-09-21,0.016678150490018397,0.0001284197910332115,-0.002964694265498119
2021-09-22,0.009808931761466537,-0.0021013062447055916,-0.00557725162705156
2021-09-23,-0.024772126815871983,0.0009240648250342879,0.025106945099204834
2021-09-24,-0.0021484881474114715,0.0017035954241511305,0.018938575225289394
2021-09-27,-0.009331573438702556,-0.0018646774262339044,-7.125988093318323e-05
2021-09-28,-0.016504001659623343,-0.0035814161806624677,-0.03617174801617129
2021-09-29,0.004416872419759005,0.002774469318636345,-0.010177110851784809
2021-09-30,0.01201765047691372,0.0008308968612210014,0.025297204275849593
2021-10-01,-0.010095516367943846,-0.003044305760234931,-0.004635864885526599
2021-10-04,-0.004695391519375007,-0.0043415825541102925,-0.02390693416901068
2021-10-05,-0.004080817525296335,0.0021896855423653673,0.024786011568515783
2021-10-06,-0.008516778866165054,-0.009298524665963308,-0.03608215746447864
2021-10-07,-0.005753209061928588,-0.0009906988261143951,-0.0028749839192660333
2021-10-08,-0.00876638624051238,0.0010882796988368844,0.011761795157059224
2021-10-11,0.0006639019640599616,0.009104216144473152,0.0022533684839756555
2021-10-12,-0.007660531479552386,0.00036401523009062004,-0.027702934467293668
2021-10-13,0.004599179467509543,-0.0012429917565744586,-0.020770940174303042
2021-10-14,-0.0077263866160783455,0.0017453471278704373,-0.01575866249643805
2021-10-15,0.007182189047476798,-0.0032933548300059104,0.01689664319996958
2021-10-18,-0.008032845154068467,-0.0007483660890008638,0.003318659375227072
2021-10-19,0.006933348505763155,0.0003142535790725307,-0.008735636617449291
2021-10-20,-0.010854825285457542,0.0034834268341497393,0.008576203122742616
2021-10-21,0.010188103718904665,-0.0031468775552073135,-0.01677676441907706
2021-10-22,-0.022145180579056116,0.00037582133996664965,0.01573878244325559
2021-10-25,-0.0005084580609313802,-0.008735926406627747,0.009638334962127373
2021-10-26,-0.007238010549773842,0.002799501929960445,-0.005209105244900971
2021-10-27,-0.0012346965335129283,-0.0008119397149332966,-0.003995189286294491
2021-10-28,-0.014806388054862016,0.009708845527763308,-0.007879192061763799
2021-10-29,-0.0034291216480141686,0.002303655960932685,0.021227000493360067
2021-11-01,-0.013494237385998606,-0.004243961096225133,0.0046402746470847415
2021-11-02,-0.0034308823381979576,-0.005182010581650006,-0.0051207340835308455
2021-11-03,-0.004774515186001132,0.0037088456225443183,-0.021847272325323873
2021-11-04,0.0035620491567905084,0.009180668931262483,0.0127206736559101
2021-11-05,0.0004766047028989395,0.007607372314848508,0.011744922212592981
2021-11-08,0.022224019729906237,-0.005905651740979786,-0.011761388814650253
2021-11-09,-0.006247672748223001,0.0010806953565690054,-0.009323737524324178
2021-11-10,-0.0023968751771816185,0.006037767027069816,-0.0030776457826243286
2021-11-11,0.037804642072672805,-0.006502280185717076,-0.025634162508739785
2021-11-12,-0.0030542340691722364,0.0053726416546266585,0.0013892931961405168
2021-11-15,0.011463769453731348,-0.0035264962427766305,-0.03618393680005702
2021-11-16,0.003992598955292219,0.00038563501225643486,-0.029977077237281696
2021-11-17,0.023307144193874398,0.0037382670466423774,-0.014154958193568368
2021-11-18,-0.019239541035039234,0.006377473895123119,-0.015117362192213836
2021-11-19,-0.0198545746827198,0.008319337188225542,0.009105846579024843
2021-11-22,-0.014318644563290482,-0.0011626218195334949,0.00566088669088195
2021-11-23,0.0018131183399937214,-0.002268083244870149,0.030123085712308685
2021-11-24,-0.013023590052288904,-0.002239760697447109,0.0014284255806208566
2021-11-25,-0.026437745412959318,0.004316142779859538,0.004012082364778181
2021-11-26,-0.01132593985261623,0.0050946030989783425,-0.02573322404632858
2021-11-29,0.004899979985356623,0.004233579229863578,-0.025243375526997038
2021-11-30,-0.011088907766712373,0.0014718272487077063,0.0012637860105609898
2021-12-01,0.013340017965832866,0.0020266989719528237,0.0015670825933853149
2021-12-02,-0.013674652995534347,-0.0010668260210628178,0.006264715476698263
2021-12-03,-6.99569823745482e-05,-0.0005656815431143027,0.027782144132908172
2021-12-06,-0.004779615035013144,0.004314124635471827,-0.024625084768021496
2021-12-07,0.0017894766653762072,0.0015576023448425574,0.03688288561567028
2021-12-08,0.0032082198223992,-0.0022368153402263333,-0.03294149517983915
2021-12-09,0.018570570430600904,0.005722525914345661,0.007922324675857122
2021-12-10,0.007774731203177879,-0.002787467641283051,-0.02773442342019422
2021-12-13,-0.004753638713524288,0.0005807104706219324,0.016115739959728124
2021-12-14,0.0073475763177740855,-0.006196717865473532,-0.03264859773855528
2021-12-15,0.008978018305871827,-0.004716523990615732,-0.06013003634828219
2021-12-16,0.023785892301239144,0.00047237599828888973,0.0027380775852575575
2021-12-17,-0.0022976143784639194,-0.0032752083903043105,-0.0030070742500435538
2021-12-20,-0.0016425170059022245,-0.0008219851101773671,0.023928839469270186
2021-12-21,0.0157140392911877,0.006083126037033918,0.001692077123042817
2021-12-22,-0.024482132697508274,-0.00037383950079063243,-0.01669922648325941
2021-12-23,-0.003139990371919056,0.004841413466708805,-0.012303530356211585
2021-12-24,0.0076866532201854895,-0.003580890135602258,0.07034910315645122
2021-12-27,0.01198987579669057,0.0030328607212863974,-0.019601067788610437
2021-12-28,-0.026914998788662214,-0.0047995631567296,0.01128834394594546
2021-12-29,-0.016450951870002048,-0.0010530344195436268,0.008603557519584106
2021-12-30,-0.029878259050368332,0.0029304582440184933,0.012074206480002016
2021-12-31,0.010342546506364143,0.00013014695524799045,0.010173755463167499
2022-01-03,0.002075054329165463,0.004900716577235899,-0.0061241060864722875
2022-01-04,0.01690711290557094,0.0033980976571458825,-0.038840731162085876
2022-01-05,-7.142740029019611e-05,-0.0013313074086835,0.0031604815804834453
2022-01-06,0.026542829120553647,0.0066592316196431075,-0.0005001656491660372
2022-01-07,-0.011855184267872267,0.002450935414361821,0.0023897396360070496
2022-01-10,-0.004831024198467664,-0.001005768832145124,0.012169256272079399
2022-01-11,0.004738632069710338,0.0008364975407923022,-0.00923417007890517
2022-01-12,-0.008861989501713132,0.0006090632668908661,-0.013839489490323527
2022-01-13,0.00465936210602887,0.0011812767579886141,0.019601904790103142
2022-01-14,-0.0013035742398253775,-0.0007209256025246201,-0.0072194687442513825
2022-01-17,-0.0020250994858949105,0.0018616546951039572,-0.010860576968641705
2022-01-18,-0.001514685813233402,0.0039547439167130025,-0.012772399357517481
2022-01-19,0.008568597400370338,0.0020759210872020504,0.013145388662563788
2022-01-20,-0.004335200331492173,0.0020679002070447083,-0.004752670922946177
2022-01-21,-0.013259129652678767,-0.0005935116415044799,0.048794416798582235
2022-01-24,0.0005687045262997258,-0.004311749726889441,0.0011155269893777565
2022-01-25,-0.007429880951070615,-0.005735276777798016,-0.026434553362819482
2022-01-26,-0.011982459117242519,-0.0035419227121417656,-0.009606177267744312
2022-01-27,-0.020672344848124937,-0.0021397640846578755,0.014479237820446736
2022-01-28,0.011556295435642282,0.008167602593278174,-0.012964575116757866
2022-01-31,0.00812787752522805,0.006169362258538913,-0.0002676246851352272
2022-02-01,0.017020096053689423,-0.003032151691939884,0.02160798204369574
2022-02-02,0.0002800596975288707,0.0021251318647065223,0.024989310602116923
2022-02-03,0.01350434081568189,-0.0006189709702755022,-0.011186117601314952
2022-02-04,-0.011452596289201157,0.0012442450778009121,-0.005730470371238871
2022-02-07,-0.022636375650276586,-0.002873589725104201,0.0022932507131386993
2022-02-08,-0.008523425883518895,0.010960576753414818,0.02984146010725882
2022-02-09,-0.002515124040520276,0.009344398666935655,-0.0242230474346706
2022-02-10,0.00453028216587478,-0.001565494595251436,0.00804195429509689
2022-02-11,0.016010649697377206,-0.003301848308683241,0.0016199527558976108
2022-02-14,0.004482078905444688,0.004318805990671527,-0.019348747307876828
2022-02-15,0.027541024652730183,-0.006274477704944621,0.02750410866099768
2022-02-16,0.001786425279069895,0.004055447126099112,0.022005353570356153
2022-02-17,0.0014950118474688666,0.00048423666918220626,0.0340209540237631
2022-02-18,0.004280080743014241,-0.007281311168262025,0.02610299021954389
2022-02-21,0.004874933673016808,-0.0009226044905201215,0.00042907984980309304
2022-02-22,0.004536377207216078,-0.0033594275601147323,0.013728162512268802
2022-02-23,-0.014328881194220393,0.0005798298500990574,0.007586686935928521
2022-02-24,0.010900751249112984,-4.9687672985322445e-05,-0.019534284016399842
2022-02-25,0.030576319614163835,-0.006990622608608837,-0.028379369074571174
2022-02-28,-0.010064061729983025,-0.0019365905047418843,0.008450553265844308
2022-03-01,0.0006358068272644512,0.00230826707179326,0.0028290741108871944
2022-03-02,-0.015800108112112535,0.0033978498675414407,-0.006980231801298034
2022-03-03,0.00950148192085544,-0.0020545033438034,-0.0017330987541806138
2022-03-04,0.009668376520443094,0.001960428318684736,0.039338735351854386
2022-03-07,-0.01733359068140384,0.0009744961541604329,-0.04750465982817869
2022-03-08,-0.015383556252982808,-0.000446153349120263,0.014306387603704993
2022-03-09,-0.024181897900310546,0.0019203578074402238,0.019034262882034123
2022-03-10,0.01927087162828814,-0.00483918051062264,0.021556378085125706
2022-03-11,-0.009158714126655825,-0.00044809042944140285,-0.029757609440405435
2022-03-14,-0.0016499514717571017,-0.00799998765515038,-0.006474876277996078
2022-03-15,-0.0037398004994332957,-0.0006006505957202254,-0.007136611227169198
2022-03-16,0.012551911148727238,0.0067798645801375994,0.006855272847383736
2022-03-17,0.008277021692441412,-0.0017748039702896643,-0.024625489326195554
2022-03-18,0.008002018913044305,0.006265116732932965,0.008776610598983122
2022-03-21,-0.009456327623359328,-0.0016621136836889245,-0.019284640075900725
2022-03-22,0.008719780549802141,-0.005696108121376031,-0.006206131712978223
2022-03-23,0.011803163064379663,0.0029960153035742754,0.030004863452475092
2022-03-24,0.008509268621575784,0.0019752181078342055,0.01895794800660232
2022-03-25,-0.015110547831367028,0.011415940797097771,0.002948069347390316
2022-03-28,-0.012970564827288013,-0.005189658163409156,-0.03026322984678531
2022-03-29,0.02138697819927398,0.0015113242615837756,0.007650800618598062
2022-03-30,0.023844626724762466,0.0017015782757852749,0.009114350728605973
2022-03-31,-0.00022725305068781816,0.004984687012564156,-0.04580432330588883
2022-04-01,-0.0003323973759573628,0.002387565960036588,0.008045463361395626
2022-04-04,0.002559861499419447,-0.001775829631655344,-0.02325415442442482
2022-04-05,0.007601850855863549,-0.00568226225840818,-0.03214202846435812
2022-04-06,-0.01640918555536369,0.0012826886141187124,-0.024120558978877212
2022-04-07,0.0033358995595961847,0.001586666483969032,-0.04719573924743762
2022-04-08,-0.011331336212393931,0.0026382392494375987,-0.00831835400338462
2022-04-11,0.0003284393719710213,-0.00173283776672197,-0.02175907398885562
2022-04-12,-0.009907919078102316,0.0010417357038821223,0.025529128386415807
2022-04-13,-0.007236526361246776,-0.007992195534759158,-0.0075600521290668295
2022-04-14,0.003049450152343167,-0.00558143184844342,-0.015292198772086504
2022-04-15,-0.0062915931660294045,0.004119622132458818,-0.0343484316969181
2022-04-18,-0.012483424144726921,0.0005477923467202999,-0.00897519074758165
2022-04-19,0.018299040101217433,0.0019506362509660174,0.030311457257986712
2022-04-20,-0.01199217056512782,-0.0035029300848636565,0.03467998270171076
2022-04-21,-0.027298902620943363,-0.0038405529561047593,-0.007757677568325073
2022-04-22,0.007054220832584128,-0.0022322779497840482,-0.0013860318619824093
2022-04-25,-0.0026947950437048174,0.0007977402022157562,0.015952211521126254
2022-04-26,-0.0009363996085944905,0.0037217614507926997,-0.022927118827452735
2022-04-27,0.000885391311998066,-0.0007391479136279779,0.007486347457805339
2022-04-28,0.014120555552869124,-0.007734260661019275,0.051363480320423704
2022-04-29,0.020849792721079608,0.002763080868126797,0.015885139034143087
2022-05-02,0.002597711587854145,0.0015570728762102993,0.015853520612291856
2022-05-03,-0.013665722434310022,0.0021743637380557414,0.02984076493747291
2022-05-04,0.0021592105165121507,0.004078666403498888,0.020138031291821273
2022-05-05,0.007257026616067817,0.003794372047184114,-0.005445249429947066
2022-05-06,0.012391574308267667,0.006630097845710363,-0.025738080788003753
2022-05-09,0.0019662046028127234,-1.7250399071043937e-05,-0.0027376959498545492
2022-05-10,-0.0065411361382389736,-0.0022523170074463025,-0.021217142036272136
2022-05-11,-0.010701448147183105,0.005114201753710622,-0.006088824563103448
2022-05-12,-0.0011506891160664291,0.004417800321527901,-0.019012469487249863
2022-05-13,-0.017566586752138187,-0.0013869917795282637,-0.008298748284345271
2022-05-16,0.005292850659989759,0.00524928895286582,-0.032326995290912604
2022-05-17,0.002558118042460674,0.000157480218165623,-0.014983950166769257
2022-05-18,0.002634756614151824,0.006098314140498537,0.009275414805637568
2022-05-19,0.007578711301681366,0.009162480972446306,0.013829127394546833
2022-05-20,0.015214179644659643,0.014304094678583925,0.008327352205632573
2022-05-23,-0.0015873112755242346,0.0006822552374414386,-0.008735446406463709
2022-05-24,0.001025834537634347,0.0070258366611316335,0.0028102438968662016
2022-05-25,-0.004180071843223945,0.004141275282892206,0.042927215330856694
2022-05-26,0.006957532681549002,0.0045651091724218116,-0.01564433418456033
2022-05-27,-7.114418610986594e-05,0.002112033432486111,0.03532091482774096
2022-05-30,0.011254053469579669,0.006058854070694806,-0.03339407234372808
2022-05-31,0.009376482480592845,-0.004754380993086135,-0.04023947480158996
2022-06-01,0.003040616749853626,0.00023193208876079124,-0.003710370640257515
2022-06-02,-0.0016415333078623128,-0.002924309813355707,-0.0012527365541899324
2022-06-03,-0.0035560503549743293,-0.0035470424353487976,-0.02504706567884072
2022-06-06,0.005732002412074452,-0.007161312534000303,-0.007260736100198652
2022-06-07,0.006483161365191856,-0.0029769926934674028,0.009286880666514286
2022-06-08,-0.0032890569717217155,-0.0008680204888274133,-0.021450503926254236
2022-06-09,0.0037021315359949646,0.0008011401337367542,0.022500574593468207
2022-06-10,-0.008481488271180507,-0.00046672990943751275,0.025259295624989173
2022-06-13,0.0053230366198859696,0.005305749951742275,0.02733606659457854
2022-06-14,-0.008426974417633976,-0.004407665389500162,-0.020064232634552676
2022-06-15,0.009881328834379413,-0.010026734171230296,-0.01672750407454208
2022-06-16,-0.0036789937909708875,0.0025964639022717046,-0.003727221294164817
2022-06-17,0.019914640591895502,-0.0001478966529042784,-0.0060965169623584375
2022-06-20,0.0003233305017462923,-0.0002645316453576432,-0.007256346225502666
2022-06-21,0.0027770941549770975,-0.00352468211973258,0.016577624190684065
2022-06-22,-0.016070312202813134,0.004188869851741434,0.013902782503176317
2022-06-23,0.016795435410863573,-0.002053782546439353,-0.01929235642144693
2022-06-24,-0.00033024038401404656,-0.004480354701206502,-0.02502747527055968
2022-06-27,0.02070594942188327,0.008455358128421348,-0.02736467148850128
2022-06-28,0.0005579898442368275,0.003468337384096955,-0.019352362031946034
2022-06-29,-0.0025428474995860075,-0.00021412932179731457,0.018626244284901464
2022-06-30,-0.0062775876270744855,-0.012136258404637931,0.0030657975319332074
2022-07-01,0.007742960161830945,-0.0011955064330714921,0.02039166089352994
2022-07-04,0.0062401508450744105,-0.00010361821672673786,-0.03740601020459037
2022-07-05,-0.01591864407236124,0.007273524273130108,0.006070711458589429
2022-07-06,-0.006509638927533958,-0.008908410657882495,0.005931158935547147
2022-07-07,0.008469339592759695,0.00790151967593941,0.02628170819913523
2022-07-08,-0.007627234402211285,0.002131428200368407,-0.008933486952209482
2022-07-11,-0.009849758129577757,-0.0060152568121996245,-0.01058448146548008
2022-07-12,0.0021722388035257585,0.004700422879406843,0.03302881109815385
2022-07-13,0.0013973678131894793,-0.0013951794754317977,-0.0035425243800731037
2022-07-14,-0.00528112027864703,-0.008452751137866936,0.0040791601848679
2022-07-15,0.0211213437564428,-0.0021784516292417512,0.010424014024752369
2022-07-18,-0.0020615380847903244,0.0014112404920688746,-0.03686153796213339
2022-07-19,-0.015544018211320315,0.0004917301543077267,0.0006766917756990288
2022-07-20,-0.019264772597193697,0.003136306842817775,-0.027291674056524013
2022-07-21,0.011902340700553078,0.005670839459445033,-0.0021574539824247645
2022-07-22,-0.013342693750137927,-0.005405847935691922,-0.006589140622188124
2022-07-25,0.0003287418486803259,-8.624342008450899e-05,-0.01116296338278437
2022-07-26,-0.010601211761890047,-0.0029930474401295543,0.013715873179341224
2022-07-27,-0.0016903726099059416,-0.006012133520054521,0.001852083957829745
2022-07-28,0.0038213890414192818,-8.196905272895473e-05,-0.023561387926422112
2022-07-29,-0.01669968228282572,0.0023149209278781214,-0.02428229990572274
2022-08-01,-0.005836503725250821,0.0026374277315063493,0.018253261717301805
2022-08-02,-0.008631172660871267,-0.0017020143104676461,-0.001173683817773223
2022-08-03,-0.011908650395331564,-0.004877236607070756,-0.03153285419391909
2022-08-04,-0.004878480424900241,-0.0030379046722384053,-0.00939446001490396
2022-08-05,-0.008117515327118671,-0.009068204216341575,-0.0038588213317177484
2022-08-08,0.010175668095190847,-0.005796422791158457,-0.027333898880954915
2022-08-09,-0.00912939005332592,-0.005243082352435302,-0.014349829820552785
2022-08-10,0.005117252858152844,0.004372838144499294,0.02000990861923805
2022-08-11,0.004666724858392734,0.0043836176192767595,0.054569822391634944
2022-08-12,-0.018417873057006744,0.010849702719428839,0.006405701495128074
2022-08-15,-0.006625192333417403,0.0014800332383145642,-0.030155165542426494
2022-08-16,-0.0020526397391108482,-0.00205348316782626,-0.005245918833975286
2022-08-17,0.0026961939016575836,0.00030423340072562727,0.0023791904973365324
2022-08-18,-0.0029638210957553114,-0.0007824391936917609,0.017219942053481322
2022-08-19,0.009571791989268063,-0.0016930065137576557,0.015987839613548317
2022-08-22,-0.0007239312060024748,0.0025900533787028574,0.028775509546910123
2022-08-23,0.0015395892068508976,0.0028700687372125245,-0.002413233307285578
2022-08-24,-0.011442817731848173,0.0017554614672806248,-0.0023215331412293934
2022-08-25,0.0003637075186342263,0.001107179275309357,-0.0447578936484974
2022-08-26,0.0208687526938628,0.00434346862672452,-0.02376109299686499
2022-08-29,0.0050666663296851395,-0.0021425291030950653,-0.03075226295280784
2022-08-30,0.012172260468161316,-0.0014838310231360644,-0.019159067378924994
2022-08-31,-0.004495016527974028,0.0028736250267887174,-0.025963945612871037
2022-09-01,0.010319758381773623,0.005442995403609096,-0.024334231238427366
2022-09-02,0.01157968745432398,0.004880257009867374,0.02361466112145002
2022-09-05,0.00210020447506383,-0.0008753421065997099,-0.042847279718568415
2022-09-06,-0.0011401355133674026,-0.006200175525651635,-0.0045156839411918765
2022-09-07,-0.018369534902777332,-0.0012332092128926582,0.01874365476180791
2022-09-08,-0.0008473438337861811,0.0005968921116477838,-0.006919549900811682
2022-09-09,0.006186742178497676,-0.005273147047897209,0.028823923228851116
2022-09-12,-0.009907483360172916,-0.0011781963858483572,-0.013643425005297758
2022-09-13,-0.015808941302712886,0.006319468275842166,0.03816138498455968
2022-09-14,0.0008143489914813286,0.0009419318057684119,-0.034765245450673325
2022-09-15,0.0019188470997928088,-0.0022783770962860775,0.028706747947639506
2022-09-16,-0.01673973296159871,0.00042983358067075244,-0.02003029113608358
2022-09-19,-0.00016300704913899838,0.0007448675882113112,0.031380098239346677
2022-09-20,0.0027179480771010924,-0.001486163095142426,-0.010773296277983376
2022-09-21,0.01268854978444367,0.005445446478821928,0.02232157004713161
2022-09-22,-0.009897137940658475,-0.00705255551017879,0.025411800044087298
2022-09-23,0.022745850574253382,0.0035044104021036224,-0.014146962533966485
2022-09-26,-0.0005945244519119931,-0.0022451631421505284,0.021706012702771452
2022-09-27,-0.015492416995114305,0.005763075844394054,-0.0012834449232546077
2022-09-28,-0.004822854693518165,-0.005942897116883211,-0.032715141472022584
2022-09-29,-0.01450265313960632,0.005267128812207616,0.010465003087679973
2022-09-30,-0.0027607813574226456,-0.0035693763411783364,-0.022835769182974777
2022-10-03,0.004823389414287287,0.0020090333530189395,-0.01486520310142212
2022-10-04,0.0023170728213379064,-0.001874404378462037,-0.020204498403261873
2022-10-05,-0.014219356060979627,0.005964975226635063,0.00790962197453905
2022-10-06,-0.015547291571274276,-0.0007087135077869147,-0.02199109164414319
2022-10-07,0.004502810076733656,-0.00335037061275502,-0.027310957993340584
2022-10-10,0.00719863756223347,0.007260773822736819,-0.02328577188489878
2022-10-11,-0.006280851962603658,-0.0011938981492377208,-0.015873699619782487
2022-10-12,-0.031156993480513134,0.0029613738412332703,0.010486133890021834
2022-10-13,-0.01438315702654348,0.004936406198211571,0.019698108903650122
2022-10-14,0.011164638061871733,-0.004061980866115529,0.019265092122934008
2022-10-17,-0.009448479957275999,0.0024027896780445842,-0.0011309520454292803
2022-10-18,-0.004773096455482998,0.003089080157666893,-0.001711216533864573
2022-10-19,0.005900019351161657,-0.00736736088633596,-0.0045044733308261435
2022-10-20,-0.00415624905881096,0.0018558009599645914,0.009470713862359243
2022-10-21,0.016018134262868904,-0.0013940785877208579,0.02416172068782361
2022-10-24,-0.005443505616017498,0.008582051126260636,-0.003925568787208708
2022-10-25,-0.010996275293454885,0.004664814355443955,0.011300215380342508
2022-10-26,0.013786753835468304,0.0023956399799389475,-0.02753979044777334
2022-10-27,0.00014012035582835184,-0.009989864775314366,0.018487876081548588
2022-10-28,-0.013454031944061102,0.0024815588978117434,0.004432711928567537
2022-10-31,0.005234447432763256,-0.003591147504008608,-0.022983966785528123
2022-11-01,-0.0038550252572015424,0.004529192008042307,0.023322323044064557
2022-11-02,-0.014330753351899076,-0.0005093938545124035,-0.027669537695206504
2022-11-03,0.0006552918816437514,-0.002352381003046829,-0.050351947231961104
2022-11-04,-0.0024719665481089076,-0.0018956852931008566,0.018269978335442433
2022-11-07,-0.0210485731552036,-0.001451326007661971,0.007978399422812659
2022-11-08,-0.013166432922041319,-0.006508865796393348,-0.026926494350168858
2022-11-09,0.022160032613411516,-0.005968032452794505,0.007677691272192304
2022-11-10,0.0005774931808229765,-0.0014783075801678462,0.025488432981551335
2022-11-11,0.01549826432956026,0.008106574083848345,0.005332292654540454
2022-11-14,0.003073399159783571,0.0038885256211681984,0.05325284838127842
2022-11-15,0.014266990356142387,0.0043093446964422326,-0.019083964494287238
2022-11-16,0.006367338064035065,0.006136963286592604,-0.049372995988249534
2022-11-17,-0.011967466081834804,0.0017113371043771016,-0.03142348742800677
2022-11-18,0.006626995881611065,-0.001955927755709243,-0.05088570912418458
2022-11-21,-0.011691554188956958,-0.001925804721511664,0.04689436015953012
2022-11-22,0.010761543290930818,-0.003933251571419167,-0.0003529950460014267
2022-11-23,0.0017562841467492194,0.0044832427549194535,0.042124992389201525
2022-11-24,2.002981860223528e-05,-0.004578601811736456,-0.007928452278143785
2022-11-25,-0.005233894469357389,0.010437479294640381,-0.01989414520798444
2022-11-28,0.008902638718802638,-0.004175201374446931,-0.038485822889520724
2022-11-29,-0.0024925626235545147,0.006414888030813626,-0.009104032015008567
2022-11-30,-0.023135560195406933,0.006249912406353754,0.018437078914823938
2022-12-01,-0.0208561701506268,0.003264345823240991,-0.00511968983189092
2022-12-02,-0.0152478883080242,0.008111170673507612,-0.035155554447498176
2022-12-05,0.0090987900625333,-0.0008254883120553561,0.014174133742296225
2022-12-06,0.00978392453767826,0.0009108784513656017,0.01811662109918796
2022-12-07,0.0037723966953940825,0.0011859206433662412,-0.011736538638390106
2022-12-08,0.0014942964995815632,0.004089906367436967,-0.01583533427768539
2022-12-09,0.014448532774161423,-0.007642291952480954,-0.039421282609596306
2022-12-12,0.0027336993845498087,0.00015955803669242923,0.012954695107246976
2022-12-13,0.007162762560353136,0.004538456355277168,-0.010480333516772352
2022-12-14,-0.0003914275197698284,-0.0017283490643404328,-0.05909720012270975
2022-12-15,-0.005337538888143579,0.009700321822909884,-0.0325499643842653
2022-12-16,-0.003413768983582803,0.000665630995011054,0.012336960840879778
2022-12-19,0.023951602812543046,0.0029014200477540763,-0.007933115908667703
2022-12-20,-0.013273882613106535,0.00787161170828359,-0.025125861015739027
2022-12-21,0.003486850606463618,0.0007896089555223739,0.0010053879760828562
2022-12-22,-0.01879827067422673,0.007980084833775523,-0.018864545409942986
2022-12-23,-0.007876333322340877,0.0031907982124439608,-0.014484865455843241
2022-12-26,0.008680763536040326,0.003227978625595899,-0.0063078656889126615
2022-12-27,-0.02186378885492696,-0.004373682973564019,0.03699066542480517
2022-12-28,0.00986922223571511,0.006026125624060756,0.03635948329457889
2022-12-29,0.024478050835801686,-0.0029857172086290218,-0.04342374593429863
2022-12-30,0.003988355935671635,-0.000735136190303236,-0.001667382608103072
2023-01-02,0.014838543489520618,0.006448205059177903,-0.03213881089637542
2023-01-03,0.002947623732272708,-0.0018192897583859883,-0.023409267068229222
2023-01-04,0.00834002542201648,0.0018354678122799986,-0.041016211564242455
2023-01-05,0.0051815021555173734,-0.00013751541378949258,-0.019254928209330537
2023-01-06,-0.006209174171427434,-5.074209665018919e-05,-0.02630596510815824
2023-01-09,-0.0076346634365564115,-0.0005280634135367742,0.022287847685658096
2023-01-10,0.014034156036513874,-0.00510921768222903,-0.018612045773554825
2023-01-11,-0.0003490458733991719,0.0026469556219561007,-0.042709711480310275
2023-01-12,-0.0015021421544048135,0.0030710472764466663,6.232409423843542e-05
2023-01-13,-0.0022024795775045457,-0.002783619381005211,-0.004050310337096008
2023-01-16,0.003928970750582876,-0.00233748814607664,-0.0056405265446129015
2023-01-17,-0.01435181082293032,0.0046277385204003645,0.013341492822939054
2023-01-18,-0.00231374139226285,-0.0012549295116810982,0.027021653051247305
2023-01-19,0.0039547108147066174,0.00034898603859121304,-0.005977110123009394
2023-01-20,-0.01553911918215173,-0.004312940486661046,0.005726226503521255
2023-01-23,0.002944642918589637,-0.0005342946504781813,-0.005288586917469339
2023-01-24,-0.010765886579928682,-0.004383709354726919,0.011146349094616356
2023-01-25,0.003859197443809698,-0.003079852731534782,-0.03226453023709972
2023-01-26,0.02605087185253359,-0.0038952682831539,0.013674532401595963
2023-01-27,-0.0010375487112092951,0.004110011670689196,0.006484473330335088
2023-01-30,-0.012569389209248275,-0.0068350437035542815,-0.020875483047628988
2023-01-31,0.0026619817379109614,0.0014249198401940285,0.04846926198853373
2023-02-01,0.00562484310980503,-0.0010827830691037142,-0.02994855724169342
2023-02-02,-0.01118034712764502,0.006949948128591412,0.007294220610783521
2023-02-03,-0.020588492066423613,0.0038807157990874415,-0.02103781886652763
2023-02-06,-0.01113589106716121,-0.0062350412646209755,0.012760071100043804
2023-02-07,-0.00020696267257117853,-0.002989242797274116,0.044225376335504545
2023-02-08,-0.005155933002331803,-0.00022348012575711573,0.017254586226743137
2023-02-09,0.013606657709747646,-0.0031419957510086397,-0.002130056591198931
2023-02-10,0.006575338778030119,0.004356375716201885,0.020660560081070187
2023-02-13,0.0013115314902930394,0.0008058580113894935,-0.01293506053285423
2023-02-14,-0.020397234138501214,-0.0012378679949755253,0.011096433147708352
2023-02-15,0.007733742364823494,0.004820030094641008,0.0020360753975016068
2023-02-16,0.024148727830075583,-0.0060860922477868435,-0.026515688918708136
2023-02-17,0.011100790718198295,-0.0017041204292592403,0.03806010077093578
2023-02-20,-0.007192858728330148,0.0008902572145744219,0.027801262020545815
2023-02-21,-0.0037215004424798115,0.0003360634114662317,-0.020138447812665328
2023-02-22,0.0025884756236570507,-0.014062783719445008,0.020739390223768868
2023-02-23,0.01579744233738529,0.0021163640989656303,-0.02643108637780221
2023-02-24,-0.008429842924798082,0.0024940526348823377,0.010208815391213013
2023-02-27,-0.005336746947320141,-0.00518745123218594,0.0012012844767478898
2023-02-28,-0.00028114883910707625,-0.011033301336397006,0.037072717040573994
2023-03-01,-0.0014081553462841577,-0.0034686965108002244,0.007401834246872073
2023-03-02,0.00968590179891577,-0.0011062031348634265,-0.033882532455422554
2023-03-03,0.003607820702668602,-0.000782779780150808,0.022711539807835752
2023-03-06,-0.016169726344195442,-0.010133729658424299,-0.009320031741220772
2023-03-07,-0.0073444617331596,0.0007476304885332664,-0.010394554631119202
2023-03-08,-0.0070773624984706105,0.004915081309205759,0.0009289872899351105
2023-03-09,-0.026112879193090348,0.004550972506986132,-0.012351739970532348
2023-03-10,0.011443948989720702,0.005965062279929793,0.039666134660406936
2023-03-13,0.0016948785977492949,-0.006117757240830276,0.01778023913910424
2023-03-14,-0.005834477698102447,0.004068474333229277,-0.024756708231448894
2023-03-15,0.010942940695664611,-0.0047249122891739655,-0.01593638029507402
2023-03-16,0.003960207592098868,0.003774072391306529,-0.028596427799528368
2023-03-17,-0.014790137082317599,-0.004008415218499286,0.02169206012662931
2023-03-20,0.007590477521591954,0.0016224316060906004,-0.0012995074878207813
2023-03-21,0.016713254013935818,0.007557086135908995,-0.021337453347225182
2023-03-22,-0.0009395502723567092,0.00429507625091547,0.03504207546950752
2023-03-23,-0.0005716673817768153,-0.004727843252935993,0.011252908722531955
2023-03-24,0.0016805121657037284,-0.005888115314359804,0.004323685817762102
2023-03-27,-0.014525874096450094,0.0038372732281112556,0.0030994267762182825
2023-03-28,0.0024363739417945563,0.006227670740309207,-0.029413616298853487
2023-03-29,-0.009973702945872378,0.0017868647638968646,0.012758466066195923
2023-03-30,0.0010349959873825483,-0.0031125165679123375,-0.008519428911870984
2023-03-31,0.0025015387009401707,-4.60699146893125e-05,0.019473585292592046
2023-04-03,0.006925922451731112,0.0018839976150280334,0.01441089305017551
2023-04-04,0.007584125288640048,-0.0008344964385246464,-0.0008602701921614114
2023-04-05,-0.010471319342620194,-0.004936894703148288,-0.002486849081612019
2023-04-06,0.0031966903292518665,0.004846027894690473,0.037087305954068964
2023-04-07,0.01183491214433201,0.009210521051825467,-0.029184739883162433
2023-04-10,-0.01308833302978523,0.006756640212853596,-0.012144612552413347
2023-04-11,0.020858071758702704,-0.010814243149734856,0.02495174697792697
2023-04-12,-0.010996289739828188,0.00544353311993169,0.03309432830775592
2023-04-13,0.020335029416239315,0.002488141676870844,-0.0025298962300853733
2023-04-14,-0.010735513215358568,-0.003647678334249954,-0.014933429017677668
2023-04-17,0.000277188434240971,-0.01028682974992306,-0.014344304441097112
2023-04-18,-0.001809327972778543,-0.0008209498311583099,-0.031241442592397802
2023-04-19,-0.015691557630175032,0.0014633602637507393,0.044482307009157104
2023-04-20,0.008724327013008317,-0.005707275759590566,-0.003041033027609092
2023-04-21,0.009662717772727265,0.005827134819114853,0.01064494278284415
2023-04-24,0.0077161498705208475,0.005900470579148856,0.010625118782985632
2023-04-25,-0.002566526983036168,0.0021319713766921856,0.03290385347400997
2023-04-26,-0.007843386483065451,-0.007152919772052268,-0.00886256789347592
2023-04-27,0.013401870989737623,-0.001416373935477678,-0.007540176129942541
2023-04-28,0.0029137334604544102,0.0034422616902790096,0.01850043944868213
2023-05-01,-0.009191027419715593,0.003346498721553532,-0.039560325770650495
2023-05-02,0.0032253810819567264,-0.0038206140953538467,0.033193698280766785
2023-05-03,-0.01956672985188953,-0.0030268058882476296,0.03857000071530839
2023-05-04,0.0014698623107663724,-0.003712290930043401,0.005517515998584842
2023-05-05,0.008761382673669889,-0.0018604883565165754,-0.020072804202005263
2023-05-08,-0.0019310793359472674,-0.0025443569227501304,0.018907341648876183
2023-05-09,0.006086091997028657,-0.0021222562314449555,-0.005730754273315762
2023-05-10,0.006469600613893886,0.000956434127815073,0.0010730298209027677
2023-05-11,0.0025153149413965296,0.0005941937002084891,0.0043136695284519185
2023-05-12,0.02121988935063077,0.0054337394453496946,-0.014481470664761461
2023-05-15,0.017000915960229266,-0.009283084664896477,0.008110686339109623
2023-05-16,0.008001413541686157,0.005859605660030962,-0.03189620123393953
2023-05-17,0.004526718526549315,-0.0038691715858528365,-0.04814065898202197
2023-05-18,-0.0025412018057147795,0.009034910908182113,0.008350933070356385
2023-05-19,-0.007662341004334985,0.0033141793431342268,0.0230247188414057
2023-05-22,0.009605803036519384,0.0027187039020862944,-0.011275324931565583
2023-05-23,-0.002282052985716843,-0.0005739657565420259,-0.012466064933791291
2023-05-24,-0.011831068517561483,0.010146109080779687,0.014456840193793364
2023-05-25,-0.009921151553468987,-5.40315157078033e-06,-0.0006400537887112781
2023-05-26,-0.00920964471571885,0.0081421699979498,-0.013183681941930906
2023-05-29,0.019541023382409577,-0.002121862164600354,0.005777762901274937
2023-05-30,0.009964276498863075,0.0036877971358706056,9.013465564085483e-06
2023-05-31,0.0004678243226420754,0.009462646710785472,-0.027449129173546433
2023-06-01,0.004788584022183929,-0.004150458484275858,-0.002505918203920158
2023-06-02,0.0069994909135267114,0.002136734941122888,0.004424065829039666
2023-06-05,-0.010567273671587054,-0.003459786209280683,-0.01183334404092833
2023-06-06,-0.013950334840314778,0.002118077604807304,0.020404350504865183
2023-06-07,0.012811741907483219,0.009373326703527782,0.010754011841742957
2023-06-08,-0.015785885568912427,-0.004872490329779699,-0.0058388796295243415
2023-06-09,0.00022848469164269637,0.0005612027496687864,0.0032138423370439264
2023-06-12,-0.008058871992823879,-0.004473291226819456,-0.00790574620106436
2023-06-13,0.0024548607406342958,-0.0005478954509116677,-0.005057791095669858
2023-06-14,-0.0032077108199471444,0.003191674680925739,-0.004232171691214951
2023-06-15,0.006907187553178141,-0.0017405407926531203,-0.03863085769651616
2023-06-16,-0.027444189916153706,0.007724681802003405,0.0007839337761618855
2023-06-19,0.013497972155476646,0.0023917534236609223,0.007034712606488481
2023-06-20,0.009020538521373873,-0.0067150244685275345,0.05427531489772873
2023-06-21,0.012694046069363944,0.0013212218051112698,0.010024616685489464
2023-06-22,0.011006488185940105,0.007180669613065092,-0.01420800422051689
2023-06-23,0.0033981902241899736,0.002895764527217383,-0.03632749710608291
2023-06-26,-0.007485254636390108,0.0011983374588387884,-0.02310684051574263
2023-06-27,0.005348687353465617,-0.0015314145510452756,-0.010929706835539378
2023-06-28,0.003773335532793824,-0.0006345803514882306,-0.0104052941626095
2023-06-29,0.010402263595292522,0.00011244961257932905,-0.0052961951449001995
2023-06-30,0.007441042073663399,-0.01222031798587884,-0.008862489364140936
2023-07-03,0.0012994900358402432,0.0022341315059926097,-0.004974350228102075
2023-07-04,0.005472298684356371,0.0048461092400793075,-0.00911908458999214
2023-07-05,0.005890375576126338,-0.003554454839767743,0.00017365434722991464
2023-07-06,0.013374888606787686,0.0010049543054862808,-0.01967796572736962
2023-07-07,0.020644100275872407,0.0018612932776301914,-0.027809487481755914
2023-07-10,0.007583898790569646,0.003842029329208088,-0.0049755318753247485
2023-07-11,0.006047195000831392,0.00019635833090843384,0.0093788544976187
2023-07-12,-0.003022518942675086,0.002871465774728527,-0.02483544713309606
2023-07-13,-0.004508263830944303,-0.005613754223214312,-0.012883963314118911
2023-07-14,-0.00881852582729589,-0.005016953372767337,-0.0032831058188209114
2023-07-17,-0.0389219004795512,0.002418121908035675,-0.004074450256314734
2023-07-18,-0.01078690666815359,-0.0007897926370649017,0.016114915184532317
2023-07-19,-0.0021946975010381366,-0.00784258209670644,0.02060001990482381
2023-07-20,-0.003779641267286237,0.0017897413106838704,0.0048191160691287566
2023-07-21,0.005224171554857339,-0.006246220775046827,0.0264477785049834
2023-07-24,-0.009768589459297344,0.013573219049174015,-0.008193697014190086
2023-07-25,-0.009229099267331474,-0.010826110323853859,0.018416203943246664
2023-07-26,-0.02550881222551782,0.000335570844370855,-0.013576506774264868
2023-07-27,0.004978068075244167,-0.00524119883469715,0.006087866685359039
2023-07-28,-0.01112480555304318,0.004814732877778614,0.013876465622685949
2023-07-31,-0.008782292142026013,-0.0019193146093978587,0.0011163277482562114
2023-08-01,0.007023537079471288,0.004940879630103203,-0.02107577822347862
2023-08-02,-0.010571702598738011,0.0038261576667373677,-0.03678307841666773
2023-08-03,0.0040986209154264186,-0.005106045419847305,0.011961140668353465
2023-08-04,-0.01434579508869854,-0.0037035122019192855,-0.0059229463705298855
2023-08-07,-0.000689567286087324,-0.0015045597752721144,-0.0047365620079553
2023-08-08,-0.007456367748103464,-0.0002673842058044184,0.03291455571006221
2023-08-09,-0.0036177340485455227,-0.0007711701692015667,-0.021080906149332394
2023-08-10,0.017714115494108465,0.0038535764271415045,0.016021478191079415
2023-08-11,-0.020119826184325354,0.0013939466595303768,-0.016509900216006023
2023-08-14,0.016731449704104534,-0.0028945107037776415,-0.004111681536762946
2023-08-15,-0.011372998830575113,-0.004388417464965655,-0.02410714063845519
2023-08-16,0.010137626645904145,-0.003933793142138862,-0.016565312905351983
2023-08-17,0.012227627126984235,0.001940053306649732,0.008728747708320744
2023-08-18,0.004502635036282778,-0.0006339063859966856,0.028053580825064844
2023-08-21,-0.014822159266834643,0.010501989252634939,0.009191550284547812
2023-08-22,0.0027817405472781694,0.0002424911001098469,0.006423770039114521
2023-08-23,0.030159429017507476,0.0012213109903770494,0.05573247078364277
2023-08-24,-0.0004255741539883575,-0.008724979627338045,0.011982189639297942
2023-08-25,-0.0017733248271103235,-0.006408535658848925,-0.020891864904006813
2023-08-28,-0.002802780968948209,-0.0053879558026392145,-0.03730595929747607
2023-08-29,0.0055773068840040295,-0.0023604265402575207,0.007960385940271764
2023-08-30,-0.001742974661161658,-0.007062783809626324,-0.03137896429638988
2023-08-31,0.00282223682049562,-0.005478221927272444,-0.022402575430162882
2023-09-01,-0.004191265590996665,0.0036663792534906803,0.006245517575582459
2023-09-04,-0.013236140419222489,-0.0038987113639708517,0.022377543499356223
2023-09-05,0.027712252330976676,-0.00012877465134210513,-0.006380649120929789
2023-09-06,-0.0019678008673203445,0.0033646941953639035,-0.027039985871849567
2023-09-07,0.03770695356665075,0.005070012122012152,-0.003643050119869897
2023-09-08,0.004758025075099407,0.001633099591417044,-0.006199038077023219
2023-09-11,0.006410489988380495,0.002158354369197759,0.002095947483844172
2023-09-12,-0.004230050694461059,0.005145703051452574,-0.02677907772875596
2023-09-13,-0.007670857714969861,0.002349013862551528,-0.018764390328381456
2023-09-14,-0.0039422105889404865,0.005428211752153365,0.022204417269133712
2023-09-15,-0.01068110861777093,-0.01037028423729303,0.016314163087099223
2023-09-18,-0.011539943500893194,-0.00019651091451279527,0.025332560341746913
2023-09-19,0.02057484429770864,0.0006986215740366985,-0.041236094975078276
2023-09-20,0.008994912433414801,-0.000288361905376084,-0.019871197097532566
2023-09-21,0.01742612744982368,0.0008920494874446953,0.021454945306891394
2023-09-22,0.01268567985610063,-0.0016351054120647022,0.012523103896829148
2023-09-25,-0.007782194927112622,0.004227755673788332,0.008607138444046798
2023-09-26,-0.01933838381207743,-0.0022467665646020703,-0.008511385405758824
2023-09-27,-0.006392368065898267,-0.0006533899270094942,-0.014187924323096957
2023-09-28,0.0007677290348583072,0.007387314717819944,0.0005001732539331549
2023-09-29,0.012830334824620412,0.006973086491856284,-0.010430883511759206
2023-10-02,-0.0009604570887909133,0.0009407728360178861,0.011427702657355225
2023-10-03,0.034680757222581675,-0.0027266248998409387,0.00024459889178529736
2023-10-04,-0.006306030631437836,-0.007614525836498097,-0.022061470896836414
2023-10-05,0.006247611462166006,-0.0002342129722231508,0.01344051996216371
2023-10-06,-0.007323526266835604,0.002611114971741916,0.02750637111679079
2023-10-09,0.003988852115245551,-0.003162539049483718,0.02850866324416746
2023-10-10,-0.0026641729866571894,0.0006082896422844946,0.014091949018246053
2023-10-11,-0.0035469141489829197,-0.0014607036950198453,0.014763886962286673
2023-10-12,-0.008048262852577388,-0.008299595811605618,-0.025935927392343
2023-10-13,0.001418001622388729,0.000762084722632703,-0.014989706201528237
2023-10-16,0.009335963714537687,0.002524504735197581,-0.0041399161934722005
2023-10-17,-0.012614451103802807,0.001253924273915477,0.012465597181269881
2023-10-18,-0.0013592401328674413,0.00845067093129627,-0.013692736680247035
2023-10-19,0.004578074282416095,-0.000939568062319929,-0.007590380116482517
2023-10-20,0.007580510510255477,-0.0016994900903945943,0.011927628606385878
2023-10-23,0.02213216787089546,0.01094438409622108,0.002876295376725648
2023-10-24,0.006311241008489287,-0.005927264595151699,0.00694954427264181
2023-10-25,-0.004826180725497256,-0.003086143846148133,-0.017132977697720982
2023-10-26,-0.0072734592774475635,0.0020336365434030224,-0.007336194134435305
2023-10-27,-0.007915985877048467,0.006102798649471469,-0.010925431749612052
2023-10-30,-0.008277905260205439,0.004997270585555795,-0.0004244555740118374
2023-10-31,0.0019884793190718085,-0.00489922704115362,-0.009904016810099222
2023-11-01,0.0040736699413331055,0.008624692601499834,-0.013122267085486746
2023-11-02,0.009413863808431773,0.002560638323791431,0.0024501854960812526
2023-11-03,0.007150123299178371,-0.0036819445651738725,0.04560941964226366
2023-11-06,0.014392670540108123,-0.003395694627955226,0.012488112271760192
2023-11-07,-0.008631351263606344,0.0006598841038119932,-0.03954240336446304
2023-11-08,0.0194141557841331,0.010873446791449925,0.007588712074115425
2023-11-09,-0.007941911170101724,0.0012552604825180214,-0.011569111800526449
2023-11-10,0.004009228246873401,0.010798787615724151,-0.02080732527990426
2023-11-13,-0.0027977896364266234,0.004620779669707821,0.015196841176483658
2023-11-14,-0.0008433584600044221,-0.0060331878567637925,0.0013501210534553176
2023-11-15,0.007870517690666566,0.007136025805081498,0.05457708520787129
2023-11-16,-0.018181693917276018,-0.00426043106737439,-0.003089436637017866
2023-11-17,-0.010469661326620205,-0.0028250740705640445,-0.0052900732884813935
2023-11-20,0.008549342469368911,0.0015994545198989786,0.026061409673157548
2023-11-21,-0.0006135971481233507,0.00015170710215211834,0.00011601318190391949
2023-11-22,-0.003283404414818313,0.004569067482755259,-0.023386777552532143
2023-11-23,-0.013875100460422039,0.0027205165235498693,-0.019641657421806836
2023-11-24,-0.003205240701263269,-0.0004846859773596036,-0.007356830874024914
2023-11-27,0.007442717416875334,0.008858953714097943,0.014012638452155961
2023-11-28,-0.006862380354474271,-0.0023223416333659555,0.027923866000032438
2023-11-29,0.01602168939633441,-0.00482658781879749,0.017425963540703006
2023-11-30,0.012525158486331253,0.0025152259713115688,0.012248291349882149
2023-12-01,-0.0046029032932088714,0.0001102173230350431,0.023879845112453606
2023-12-04,-0.007297890952316995,0.001309734388314155,0.013562231560855936
2023-12-05,-0.03324448840147982,0.0037261814293349737,-0.019915239922885276
2023-12-06,-0.013054453951097498,-0.0008594034244590554,-0.004939253308336033
2023-12-07,-0.014034185550154102,0.00948011923911028,-0.011569249322205972
2023-12-08,-0.017378733782768323,0.0014285009548423622,0.027640621399183673
2023-12-11,-0.0008463649634413196,-0.0020446445394958867,-0.021260481416269714
2023-12-12,0.003427562682960008,0.0031065982452799334,-0.020772288314126315
2023-12-13,0.02077689162120852,7.207993780145461e-05,0.0031140926486627955
2023-12-14,-0.001308751087373094,0.0016198036102610031,0.04112180579861848
2023-12-15,-0.027176394808580112,-0.004143787468207435,0.014434002690042897
2023-12-18,-0.010270148797755065,-0.004315357165120636,0.022106113415760683
2023-12-19,0.0065318943418713905,0.005705390166885067,-0.024846427274558693
2023-12-20,-0.0013037592019073262,-0.0060083841366629686,0.014509379357528543
2023-12-21,0.009655657776117267,-0.00029874199553531536,-0.024837584155104404
2023-12-22,-0.006821492537348145,0.0019575056165498476,0.015670266905486833
2023-12-25,0.013418745703173649,0.00726798114081486,-0.0348120662893651
2023-12-26,0.0024478850993140556,-0.00215415016481235,-0.007775953052315949
2023-12-27,0.002498849575590066,0.0041739379901720355,-0.04564289627949297
2023-12-28,0.001608019438666948,-0.0005069041342702046,-0.01958331790615722
2023-12-29,-0.009309983151917806,-0.010836544664209713,-0.031421413490765236
